reg_type,mode,sparsity,accuracy,lambda,threshold,UPDATE_PER_EPOCH,epsilon,update_per_epoch,momentum_mask
WL1,weight-wise,76.4509847974238,87.07,0.003,0.001,,1e-05,2.0, TRUE
WL1,weight-wise,90.9271324795926,88.12,0.003,0.001,,1e-05,2.0, TRUE
WL1,weight-wise,26.116478194662875,89.01,0.003,0.0001,,1e-05,2.0, TRUE
WL1,weight-wise,47.5810679248109,89.23,0.003,0.0001,,1e-05,2.0, TRUE
WL1,weight-wise,62.47410070146534,89.1,0.003,0.0001,,1e-05,2.0, TRUE
WL1,weight-wise,70.88794028807509,88.89,0.003,0.0001,,1e-05,2.0, TRUE
WL1,weight-wise,77.4257969494995,88.73,0.003,0.0001,,1e-05,2.0, TRUE
WL1,weight-wise,86.28897376369854,88.78,0.003,0.0001,,1e-05,2.0, TRUE
WL1,weight-wise,92.2401957113258,88.85,0.003,0.0001,,1e-05,2.0, TRUE
