checkpoint_path,run_dir,checkpoint_index,phase,sparsity,test_accuracy,fab_accuracy,fab_norm,brightness,contrast,defocus_blur,elastic_transform,fog,frost,gaussian_blur,gaussian_noise,glass_blur,impulse_noise,jpeg_compression,motion_blur,pixelate,saturate,shot_noise,snow,spatter,speckle_noise,zoom_blur
models/run_01/checkpoint_00_sparsity_0.00.pth,run_01,0,warmup,0.0,75.7,0.0,0.12659379529953002,25.962,45.848,33.760000000000005,32.356,30.901999999999997,34.11,39.318,46.160000000000004,45.378,48.798,28.764,40.41799999999999,35.05,28.908000000000005,40.742000000000004,37.498000000000005,33.134,40.732,39.206
models/run_01/checkpoint_01_sparsity_22.34.pth,run_01,1,prune_recover,22.3402665710358,76.47,0.0,0.12129557085037232,27.234,52.902,32.315999999999995,32.465999999999994,35.462,40.556,37.198,52.76800000000001,54.839999999999996,48.374,29.842000000000002,42.792,40.276,31.375999999999998,47.476,38.532,33.06,46.826,37.147999999999996
models/run_01/checkpoint_02_sparsity_38.77.pth,run_01,2,prune_recover,38.773085888470504,77.23,0.0,0.10118232440948487,26.574,50.112,35.065999999999995,33.992000000000004,35.14,38.114,40.974000000000004,56.141999999999996,51.65599999999999,46.512,30.012,43.653999999999996,39.65599999999999,30.593999999999994,49.152,38.934000000000005,31.458000000000006,47.129999999999995,41.49
models/run_01/checkpoint_03_sparsity_51.36.pth,run_01,3,prune_recover,51.35975135975136,76.82,0.0,0.09049024248123169,26.074,50.536,35.786,34.65,34.236000000000004,42.626,42.306,66.756,57.062,48.482,30.228,45.106,42.266,28.633999999999997,60.05799999999999,41.938,31.229999999999997,59.048,43.188
models/run_01/checkpoint_04_sparsity_61.51.pth,run_01,4,prune_recover,61.50558842866535,75.35,0.0,0.08000879049301148,27.305999999999994,52.722,36.846000000000004,36.474000000000004,36.696,44.178000000000004,43.339999999999996,71.80199999999999,57.79600000000001,46.682,32.327999999999996,45.522000000000006,41.598,30.212,64.058,43.516,32.41799999999999,61.462,43.14
models/run_01/checkpoint_05_sparsity_69.17.pth,run_01,5,prune_recover,69.16502301117686,74.79,0.0,0.0762256133556366,28.586000000000002,53.15599999999999,39.372,38.53,39.766000000000005,45.504,46.238,64.306,52.022000000000006,48.836,33.352,48.694,42.69,31.451999999999998,58.354,43.134,32.012,56.49399999999999,47.39
models/run_01/checkpoint_06_sparsity_75.45.pth,run_01,6,prune_recover,75.44602833064371,74.06,0.0,0.07001931762695313,29.014,54.372,40.758,40.596,42.336,46.745999999999995,47.477999999999994,70.806,58.854,49.065999999999995,33.044000000000004,51.124,39.452,32.528,63.71,44.6,34.083999999999996,61.4,47.983999999999995
models/run_01/checkpoint_07_sparsity_80.65.pth,run_01,7,prune_recover,80.65193353654892,71.64,0.0,0.07017715334892273,31.653999999999996,57.724000000000004,43.83,42.254,44.44,52.394000000000005,50.708,72.59,59.11,52.089999999999996,35.928,53.21,41.45399999999999,35.428,67.348,49.326,36.72,65.67999999999999,50.362
models/run_01/checkpoint_08_sparsity_85.75.pth,run_01,8,prune_recover,85.74689199689199,73.03,0.0,0.06799650835990906,30.736,55.620000000000005,39.288,38.798,43.786,49.298,44.552,70.14599999999999,54.928,47.553999999999995,34.916000000000004,47.275999999999996,43.077999999999996,33.962,64.67999999999999,46.436,33.684,62.4,44.46
models/run_01/checkpoint_09_sparsity_91.40.pth,run_01,9,prune_recover,91.3980784173092,69.75,0.0,0.06280465745925903,33.94199999999999,60.662,42.54,43.056,48.114,49.932,47.176,67.008,48.982,46.36,36.21,49.694,42.602,36.792,60.634,44.69,35.026,58.86,47.192
models/run_01/checkpoint_10_sparsity_95.55.pth,run_01,10,prune_recover,95.55316478393402,64.22,0.0,0.059534009218215944,39.456,62.722,44.186,43.344,51.326,55.032,47.548,72.168,53.784000000000006,53.474000000000004,39.715999999999994,49.746,41.013999999999996,43.326,66.53999999999999,51.403999999999996,41.624,64.788,48.542
models/run_02/checkpoint_00_sparsity_0.00.pth,run_02,0,warmup,0.0,75.24,0.0,0.12418436908721923,27.738,48.236000000000004,34.4,35.27,36.348,41.192,38.462,50.866,53.239999999999995,52.504,30.814,39.416000000000004,33.558,28.474,45.641999999999996,42.978,35.876000000000005,45.838,39.164
models/run_02/checkpoint_01_sparsity_22.42.pth,run_02,1,prune_recover,22.42058155519694,77.67,0.0,0.1423008632659912,24.494,50.286,32.39,33.519999999999996,34.318,35.5,37.826,45.202,48.79600000000001,47.366,28.356,42.258,39.385999999999996,27.365999999999996,39.525999999999996,37.004000000000005,30.426,39.386,37.708
models/run_02/checkpoint_02_sparsity_38.64.pth,run_02,2,prune_recover,38.64121989121989,76.65,0.0,0.10967628765106201,25.278,51.772000000000006,34.721999999999994,36.160000000000004,37.8,38.332,40.275999999999996,44.734,53.698,42.4,30.218,45.396,40.17,27.167999999999996,41.024,38.396,31.526,41.084,40.196000000000005
models/run_02/checkpoint_03_sparsity_51.32.pth,run_02,3,prune_recover,51.323516227362376,76.76,0.1,0.12137955093383788,25.871999999999996,51.23199999999999,33.412,35.053999999999995,34.832,37.558,37.948,41.124,47.025999999999996,42.354,29.486,42.2,40.052,28.764,36.736000000000004,39.174,30.326,36.878,38.54
models/run_02/checkpoint_04_sparsity_61.25.pth,run_02,4,prune_recover,61.24858047934971,75.42,0.0,0.11346216297149658,27.668,54.096000000000004,36.266000000000005,36.028,39.392,41.286,42.480000000000004,45.408,48.496,43.358000000000004,29.137999999999998,47.412,36.012,30.384000000000004,40.730000000000004,40.17,31.738,40.592,42.004
models/run_02/checkpoint_05_sparsity_69.49.pth,run_02,5,prune_recover,69.48553583168969,74.8,0.0,0.10557938289642334,27.479999999999997,55.138,37.926,37.798,40.894,37.910000000000004,43.958,44.038,46.756,42.251999999999995,29.441999999999997,49.028,34.26800000000001,30.808,39.230000000000004,37.596000000000004,31.742,38.66799999999999,44.215999999999994
models/run_02/checkpoint_06_sparsity_75.80.pth,run_02,6,prune_recover,75.79605223835993,73.24,0.0,0.09039602994918823,29.21,53.012,38.824,38.768,40.797999999999995,43.884,44.144,54.08,50.64,46.172000000000004,32.410000000000004,45.6,38.08200000000001,32.324,48.94,43.146,34.952,48.454,44.674
models/run_02/checkpoint_07_sparsity_80.85.pth,run_02,7,prune_recover,80.85477556631403,72.46,0.0,0.09350354099273682,31.612000000000002,57.962,37.826,38.576,43.268,42.294,42.504,49.540000000000006,47.504,44.946000000000005,31.360000000000003,49.471999999999994,36.284000000000006,33.542,44.739999999999995,41.056,33.668,44.182,43.736000000000004
models/run_02/checkpoint_08_sparsity_86.32.pth,run_02,8,prune_recover,86.3195565118642,70.74,0.0,0.08986622571945191,32.238,57.294,42.618,41.456,43.906,43.694,48.706,56.61800000000001,51.40599999999999,46.882000000000005,33.198,51.67,37.586,35.558,51.40599999999999,43.476,36.178000000000004,50.528,49.284
models/run_02/checkpoint_09_sparsity_93.01.pth,run_02,9,prune_recover,93.01483772637619,64.57,0.0,0.07277528595924378,38.35,62.05,44.358000000000004,43.386,51.476,51.662,48.882000000000005,61.032,54.95399999999999,53.19,39.06,51.626,44.21,41.758,55.938,50.083999999999996,42.839999999999996,54.902,49.242000000000004
models/run_02/checkpoint_10_sparsity_95.56.pth,run_02,10,prune_recover,95.55839459685613,62.04,0.2,0.06190500831604004,42.116,66.772,47.486000000000004,47.086,54.628,53.068,51.298,64.586,50.958,54.612,41.116,55.748000000000005,44.536,45.848,59.452,49.2,43.282,58.513999999999996,52.839999999999996
models/run_03/checkpoint_00_sparsity_0.00.pth,run_03,0,warmup,0.0,76.61,0.0,0.09546468329429626,26.432000000000006,45.504,35.598,37.315999999999995,34.442,39.553999999999995,40.522000000000006,52.98,55.818,51.968,30.472,42.914,34.874,27.936,46.398,38.128,31.683999999999997,45.714,42.282
models/run_03/checkpoint_01_sparsity_22.63.pth,run_03,1,prune_recover,22.6282798398183,79.55,0.0,0.12891537952423096,23.046,47.79600000000001,31.874000000000002,32.382,32.39,35.004,37.412,43.732,48.906,42.444,26.898000000000003,41.176,36.878,25.086,37.986000000000004,36.64,28.939999999999998,37.2,36.778000000000006
models/run_03/checkpoint_02_sparsity_38.77.pth,run_03,2,prune_recover,38.77495367879983,77.46,0.0,0.11261704921722412,25.803999999999995,51.686,36.584,36.634,37.510000000000005,37.272,42.876,48.208000000000006,55.652,43.016000000000005,28.308000000000003,46.654,34.464,28.936,42.254000000000005,37.942,31.028,41.126,43.384
models/run_03/checkpoint_03_sparsity_50.38.pth,run_03,3,prune_recover,50.37617297232681,76.66,0.0,0.0976221489906311,25.442,50.738,35.153999999999996,35.522000000000006,38.932,39.251999999999995,41.174,53.708000000000006,55.678,45.92,29.639999999999997,46.164,33.368,28.32,46.45,40.226,31.968,45.162,40.634
models/run_03/checkpoint_04_sparsity_59.78.pth,run_03,4,prune_recover,59.78423286115594,76.03,0.0,0.10867415332794189,26.748,53.456,33.198,33.882,38.452,41.12,38.432,54.7,55.55800000000001,43.416,29.802,43.13,40.1,29.741999999999997,49.256,41.984,32.596000000000004,47.568,38.576
models/run_03/checkpoint_05_sparsity_67.08.pth,run_03,5,prune_recover,67.07870121331659,77.26,0.0,0.09222663784027099,24.608,47.798,34.356,33.294,33.548,40.044,41.230000000000004,58.32000000000001,56.188,47.362,28.694000000000006,44.32,35.45,28.367999999999995,50.147999999999996,38.85,31.634000000000004,48.226,41.064
models/run_03/checkpoint_06_sparsity_77.12.pth,run_03,6,prune_recover,77.1154593269978,74.75,0.0,0.09403035545349121,28.874000000000002,54.715999999999994,37.78,38.168,41.222,41.784,42.906,49.81,45.948,42.541999999999994,30.524,47.58200000000001,35.18,32.598,44.303999999999995,39.656,31.629999999999995,43.508,44.745999999999995
models/run_03/checkpoint_07_sparsity_84.83.pth,run_03,7,prune_recover,84.83204829358677,70.35,0.0,0.07532546019554139,32.95,57.298,41.416,41.286,46.708,45.374,46.404,55.39200000000001,49.81,47.19199999999999,34.348,50.001999999999995,36.862,36.802,48.9,43.472,35.334,48.04600000000001,46.83
models/run_03/checkpoint_08_sparsity_92.00.pth,run_03,8,prune_recover,91.99875978722133,67.4,0.0,0.06961208319664001,37.14,61.236000000000004,42.314,42.912,50.298,48.14,45.632,59.760000000000005,50.262,50.522,35.732,48.38,35.468,42.55,54.577999999999996,46.334,38.528000000000006,54.016,46.45399999999999
models/run_03/checkpoint_09_sparsity_95.73.pth,run_03,9,prune_recover,95.72911063295678,61.66,0.0,0.06776184678077697,43.37,67.626,45.786,46.284000000000006,57.339999999999996,51.696000000000005,48.404,63.334,48.938,52.312,41.038,48.784,41.318,48.856,57.524,48.577999999999996,42.494,56.4,49.562
models/run_04/checkpoint_00_sparsity_0.00.pth,run_04,0,warmup,0.0,76.77,0.0,0.14006064987182618,26.572000000000003,51.9,35.906,36.354,35.632,37.483999999999995,40.724000000000004,47.074,50.438,51.234,28.491999999999997,47.326,32.422000000000004,27.332000000000004,40.544,36.492000000000004,31.53,40.204,42.844
models/run_04/checkpoint_01_sparsity_22.02.pth,run_04,1,prune_recover,22.019380192457117,76.06,0.0,0.09945605134963989,26.370000000000005,53.524,38.284000000000006,37.190000000000005,39.338,41.242000000000004,44.94199999999999,55.362,53.862,49.412,30.028,49.134,37.37,29.016,47.284,39.786,33.33,46.024,44.354
models/run_04/checkpoint_02_sparsity_37.72.pth,run_04,2,prune_recover,37.71666367820214,76.67,0.0,0.094059983253479,27.139999999999997,53.758,39.982,39.778,39.07,42.472,47.11,57.64,57.352,45.946000000000005,31.062,51.188,39.577999999999996,30.772,49.269999999999996,42.292,32.512,47.182,47.910000000000004
models/run_04/checkpoint_03_sparsity_50.88.pth,run_04,3,prune_recover,50.877114338652795,74.82,0.0,0.0810911750793457,28.613999999999997,52.470000000000006,39.512,38.902,41.056,44.760000000000005,45.501999999999995,61.806,54.714,46.378,33.296,47.971999999999994,40.572,30.778,52.884,44.402,33.678,49.768,46.784000000000006
models/run_04/checkpoint_04_sparsity_62.68.pth,run_04,4,prune_recover,62.675945849022774,75.47,0.0,0.07985035037994384,28.562,52.196000000000005,36.368,35.816,38.506,44.368,43.476,65.22200000000001,58.852,47.682,32.093999999999994,46.068,40.641999999999996,30.758,56.162,45.83,33.763999999999996,53.431999999999995,42.844
models/run_04/checkpoint_05_sparsity_70.53.pth,run_04,5,prune_recover,70.53112485804793,73.2,0.0,0.08221587181091308,30.103999999999996,55.05800000000001,39.418,38.727999999999994,41.160000000000004,47.263999999999996,45.142,64.776,59.472,47.534000000000006,33.294000000000004,48.464,42.977999999999994,34.092,55.972,46.504000000000005,35.542,52.874,45.802
models/run_04/checkpoint_06_sparsity_76.62.pth,run_04,6,prune_recover,76.6201213316598,71.83,0.0,0.07325959658622741,31.009999999999998,55.712,41.714,40.772000000000006,46.618,47.092,47.504000000000005,69.998,57.612,52.86800000000001,35.164,49.898,42.018,36.988,61.903999999999996,47.872,37.152,59.257999999999996,47.63
models/run_04/checkpoint_07_sparsity_82.32.pth,run_04,7,prune_recover,82.31949674257366,72.27,0.0,0.06945440864562988,31.45,57.444,38.396,38.004,42.88,47.826,44.092,66.844,55.664,52.720000000000006,35.83,47.726,47.454,36.048,59.222,47.61,37.406,57.004,44.442
models/run_04/checkpoint_08_sparsity_88.59.pth,run_04,8,prune_recover,88.58705397166936,68.04,0.0,0.0663648145198822,34.25,57.044,43.646,42.644,45.834,48.61,49.708000000000006,75.864,60.234,54.528,35.95399999999999,56.036,44.339999999999996,41.468,68.564,49.192,40.424,66.166,50.782
models/run_04/checkpoint_09_sparsity_94.33.pth,run_04,9,prune_recover,94.33424481501405,66.57,0.2,0.06207640957832337,37.4,59.134,43.724000000000004,42.339999999999996,48.6,55.18000000000001,49.684000000000005,74.348,59.812,52.629999999999995,39.13,53.41799999999999,52.908,42.44199999999999,67.44,51.470000000000006,41.458000000000006,64.216,49.188
models/run_04/checkpoint_10_sparsity_95.70.pth,run_04,10,prune_recover,95.70296156834618,65.14,0.1,0.06043814706802368,39.144,62.188,48.538,47.052,50.91,56.472,54.61800000000001,78.862,64.45,52.306,39.854,60.052,48.64,44.768,72.648,55.008,42.744,70.414,55.722
models/run_05/checkpoint_00_sparsity_0.00.pth,run_05,0,warmup,0.0,75.19,0.0,0.11865265655517578,27.915999999999997,46.556,35.418,36.232,36.52,36.098,39.071999999999996,42.824,43.818,46.616,28.977999999999998,42.812,29.204,29.214,38.21,36.596,31.830000000000002,38.260000000000005,40.17
models/run_05/checkpoint_01_sparsity_21.89.pth,run_05,1,prune_recover,21.892744008128624,75.79,0.0,0.12550096035003663,27.066000000000003,56.327999999999996,38.727999999999994,37.356,40.72,40.004000000000005,45.29600000000001,49.812,51.40599999999999,47.403999999999996,30.76,49.894,36.342,28.939999999999998,44.666,42.288,33.636,44.190000000000005,44.428
models/run_05/checkpoint_02_sparsity_36.81.pth,run_05,2,prune_recover,36.80929113621421,75.39,0.0,0.10431049871444702,27.679999999999996,54.715999999999994,35.013999999999996,36.092,39.736000000000004,41.263999999999996,39.628,54.342,52.374,46.972,30.607999999999997,42.962,37.188,30.986,48.6,42.634,33.384,47.898,39.876
models/run_05/checkpoint_03_sparsity_44.71.pth,run_05,3,prune_recover,44.710417787340866,75.9,0.0,0.10123230743408203,27.371999999999996,54.94,36.176,35.842,39.964,39.260000000000005,41.942,59.702,53.239999999999995,49.882,28.752,47.394,33.234,30.254,52.584,39.018,33.454,51.727999999999994,42.760000000000005
models/run_05/checkpoint_04_sparsity_56.37.pth,run_05,4,prune_recover,56.36991213914291,73.48,0.0,0.085690922498703,29.633999999999997,53.089999999999996,37.440000000000005,37.297999999999995,39.260000000000005,40.138,43.088,63.114,51.072,48.958,30.646000000000004,44.65,35.816,32.894,56.18399999999999,41.394,35.128,54.908,41.696000000000005
models/run_05/checkpoint_05_sparsity_61.63.pth,run_05,5,prune_recover,61.62998326459865,75.55,0.0,0.09337635660171509,28.098000000000003,54.788,35.538,36.35,41.158,44.636,40.54600000000001,60.842,51.306,48.35,29.824,45.33,34.932,31.698,54.108000000000004,43.044,34.158,53.516,41.992
models/run_05/checkpoint_06_sparsity_69.66.pth,run_05,6,prune_recover,69.66297591297591,72.1,0.0,0.07221139526367187,31.222,57.05,38.082,38.438,44.0,47.356,43.434,65.136,55.472,48.552,33.38,47.422000000000004,37.492,34.734,58.632000000000005,45.480000000000004,36.956,56.775999999999996,43.498000000000005
models/run_05/checkpoint_07_sparsity_75.68.pth,run_05,7,prune_recover,75.67501942501943,72.76,0.0,0.0749626202583313,31.232,56.938,36.922,38.029999999999994,43.077999999999996,43.602,42.034,61.718,51.06,48.124,31.738,47.938,38.424,33.696,54.846000000000004,41.904,35.272000000000006,53.702,42.874
models/run_05/checkpoint_08_sparsity_80.71.pth,run_05,8,prune_recover,80.70535233996773,71.62,0.0,0.06795447897911072,31.160000000000004,56.66799999999999,39.221999999999994,38.888,44.592,44.486000000000004,45.088,59.15,49.988,51.620000000000005,33.056,49.694,41.356,35.664,52.924,42.644,35.494,52.052,45.762
models/run_05/checkpoint_09_sparsity_87.28.pth,run_05,9,prune_recover,87.27848006694161,66.17,0.0,0.05836996412277222,37.822,60.66799999999999,43.162,43.288,50.806,53.302,47.4,66.264,54.95399999999999,54.246,37.962,51.79600000000001,41.396,40.85,60.581999999999994,48.612,39.91,59.072,47.632
models/run_05/checkpoint_10_sparsity_92.52.pth,run_05,10,prune_recover,92.52360886976273,65.76,0.0,0.061190274715423584,38.358,63.274,42.642,42.038,50.374,50.456,46.414,66.274,52.948,55.172000000000004,38.396,49.762,41.763999999999996,43.263999999999996,60.88199999999999,48.166000000000004,40.484,59.544000000000004,46.254
models/run_05/checkpoint_11_sparsity_95.30.pth,run_05,11,prune_recover,95.30176020560636,62.44,0.0,0.055121012449264525,43.266,65.772,44.136,44.596,54.75599999999999,57.29600000000001,46.872,66.93199999999999,51.40599999999999,58.391999999999996,41.922000000000004,50.7,43.82,46.094,62.025999999999996,50.034000000000006,41.956,60.534000000000006,46.832
