configuration,checkpoint,sparsity,accuracy,avg_jacobian_norm,layer_0,layer_1,layer_2,layer_3,layer_4,layer_5,layer_6,layer_7,layer_8,layer_9,layer_10,layer_11,layer_12,layer_13,layer_14,layer_15,layer_16,layer_17,layer_18
smooth_rewind,/project/nr_haml2025/endomet/irwl1-adaptation/models/smooth_rewind/1/checkpoint_spar0.00.pth,0.0,74.37,50.35356015625,4.408090789165853,1.943161893411449,1.9349481793707415,1.828897387511828,1.8576631091796398,1.7700703591214693,1.7759325226628793,2.6169821868314127,1.9148170843197108,1.894266379578745,1.8888526291205647,2.01435390796234,1.9863833808650433,2.818095631983498,2.4329529347628567,2.7966152439641427,3.3399242974311254,3.0887230155735486,4.622925304729863
smooth_rewind,/project/nr_haml2025/endomet/irwl1-adaptation/models/smooth_rewind/1/checkpoint_spar27.23.pth,27.23051521128444,74.14,29.442409375,6.594955349760872,1.9311175344761116,2.133463946651782,2.0618886411747077,1.9675117543218872,1.8651151562623507,1.958167446119455,2.5804198061816166,2.150328323423381,1.9936454660228522,2.0252743566175506,2.0448541018932733,1.9287924502273837,2.910458592864536,2.319839375161838,2.315757039281619,2.4767873212007254,2.4437320726402714,2.9166833421011047
smooth_rewind,/project/nr_haml2025/endomet/irwl1-adaptation/models/smooth_rewind/1/checkpoint_spar47.06.pth,47.05748311517542,74.4,40.3684890625,5.529770981300156,2.0475652830538715,1.9118108243973406,1.9797248355884003,1.8453744461267734,1.9207840331085513,1.8601713915132245,2.68962047393593,1.9024567865232849,1.8908042953042103,1.9791938961859996,2.0964899973535247,1.9871718169171269,2.82308449888224,2.241177861809316,2.1569329008639944,2.4536705426633993,2.440736438521118,3.225653332034733
smooth_rewind,/project/nr_haml2025/endomet/irwl1-adaptation/models/smooth_rewind/1/checkpoint_spar61.34.pth,61.335245950630565,72.87,38.7850296875,5.823544704877777,2.119111325891124,1.776763791252578,1.8738378158015985,1.7605596365992564,1.898455928442558,2.0950757328900993,2.7078374372005767,2.0551353202077896,2.0482220683190273,1.926419070269548,1.946912577918426,1.9609875913051744,2.7293378281449243,2.128066793725915,2.070231873457312,2.251018589211728,2.249339334993631,2.901335187235459
smooth_rewind,/project/nr_haml2025/endomet/irwl1-adaptation/models/smooth_rewind/1/checkpoint_spar71.89.pth,71.88788775327237,71.7,40.9319,7.107576052702527,1.9609655311186138,1.9883095496257388,1.8778579929661956,1.863928000265257,1.8725334815260917,1.9302897846374172,2.8015309232362644,2.0781854741519528,1.8679819874250208,1.905906891828245,1.951247514970892,2.200252988506353,2.7902932098278503,1.9970735922168414,2.1027870573243654,2.1318768361795217,2.133698135969275,2.765623475857584
smooth_rewind,/project/nr_haml2025/endomet/irwl1-adaptation/models/smooth_rewind/1/checkpoint_spar79.55.pth,79.54993724224494,69.29,48.33997421875,10.253724199401356,1.8910747076655614,1.9934860555274418,1.8941223129968634,1.9524852038746978,1.936329896655868,2.089814303816971,2.6935144974208036,2.1707132141230154,2.173225048518194,1.9394123558082557,1.975768996266315,2.09312835882958,2.8031855547764377,1.9971767460478953,2.0634701886456357,2.043499649356701,2.151630283209889,2.5997497703041397
smooth_rewind,/project/nr_haml2025/endomet/irwl1-adaptation/models/smooth_rewind/1/checkpoint_spar85.07.pth,85.07187257187258,69.09,39.094790625,6.440234079529809,1.9961367889380484,2.161730879421258,1.9674133346050406,2.0890375911028567,1.9421390293737564,2.5286379656054856,2.695959585261753,1.9588263239847834,2.2570716895139427,2.0786998256026115,2.006789388210203,2.1912968401391146,2.7672120398961724,2.054632336206591,2.048712777819858,2.1282189678679986,2.065314560324126,2.385953454639723
smooth_rewind,/project/nr_haml2025/endomet/irwl1-adaptation/models/smooth_rewind/1/checkpoint_spar89.13.pth,89.13356942203096,69.05,54.73691328125,7.116811489411496,2.2231040983394883,2.268094912013759,2.1386721552351178,2.4534834933595286,2.1751908868590957,2.224300695199805,2.9552354690598372,1.9926485403144736,2.2730626285478883,2.1717748083945265,2.1117476994284337,2.285988974661165,2.7521084056522502,2.145527078212274,2.0129346602345635,2.113566330664924,2.266827812251163,2.4017021810445844
smooth_rewind,/project/nr_haml2025/endomet/irwl1-adaptation/models/smooth_rewind/1/checkpoint_spar92.08.pth,92.0809425617118,67.76,53.73321875,15.45566735453877,2.3429643533881928,3.401724671383508,2.2281445282513466,2.4753390283144983,2.5557261070674477,2.0209423424008084,2.702222699783783,2.152943819520458,2.533204468590121,2.0881554938893427,2.153275239794147,2.155323472781376,3.1658198113503953,2.134978136361408,2.168507334849429,2.185449776897429,2.122222959693364,2.456944185614566
smooth_rewind,/project/nr_haml2025/endomet/irwl1-adaptation/models/smooth_rewind/2/checkpoint_spar0.00.pth,0.0,72.61,26.255069140625,4.306603571295496,1.9067248072316154,2.033211421424988,1.716242934040604,1.911472637028958,1.7631220475927643,1.8455409984467142,2.542187193440123,2.0720796620067055,2.002052352431411,2.0142491970805345,2.067740112787854,2.0077765612736944,2.98061624731122,2.3994707110366016,2.5074345533661684,2.7329314173409225,2.563829074382333,3.067886925352947
smooth_rewind,/project/nr_haml2025/endomet/irwl1-adaptation/models/smooth_rewind/2/checkpoint_spar27.39.pth,27.385168250552866,77.13,44.96565859375,5.1113852648009805,1.859939966923207,2.142596919858684,1.832953655197455,1.9192465824427414,1.8476716921455647,1.782089364135079,2.803393454736383,1.9426545692953696,2.0876126859640336,1.9689904216457623,2.0159050190452907,1.9169604874087283,2.8694796385201826,2.2497673805682243,2.2916933819854006,2.8333583500864297,2.700056674974228,4.03685019720159
smooth_rewind,/project/nr_haml2025/endomet/irwl1-adaptation/models/smooth_rewind/2/checkpoint_spar47.12.pth,47.11575817345049,73.08,30.860121484375,4.143128690752083,1.712991797430571,1.8226712441998185,1.8114522790471763,1.9334642266176407,1.820546167355285,1.8709906854136362,2.7813076958967207,1.9463453728409825,2.0691029563907746,2.02714795697235,2.110299032466765,2.0269662051382347,2.7526040939482046,2.193601293986576,2.1611178198627963,2.4411759478700694,2.3019879195928734,3.101106266036651
smooth_rewind,/project/nr_haml2025/endomet/irwl1-adaptation/models/smooth_rewind/2/checkpoint_spar61.56.pth,61.55676588368896,74.5,39.68346171875,6.605331726399157,1.862564799278085,1.964868919110607,1.988350144984823,1.747167186535137,2.013943676896268,1.7447557425297737,2.5962618836726965,1.8430717450409657,1.9859663545518278,2.012684248164682,1.981306336215475,1.9368017489502027,2.751252406454355,2.1156806076653822,2.124793893779527,2.2983524392143644,2.276884656781361,3.0912615246270048
smooth_rewind,/project/nr_haml2025/endomet/irwl1-adaptation/models/smooth_rewind/2/checkpoint_spar71.99.pth,71.99098977945133,72.73,31.96185078125,5.9145777526343615,1.9641791789180583,2.0612381085727995,1.8087995603419396,1.8900015959920085,2.04081322872295,1.8886319142000856,2.6765265683908614,1.8892227353372406,1.851078728650316,2.00800515820269,2.0601722218594674,2.0435549418179226,2.751824689406572,2.0575463936802634,2.029624562324032,2.2163434145952783,2.1209542622097417,2.7220780462478578
smooth_rewind,/project/nr_haml2025/endomet/irwl1-adaptation/models/smooth_rewind/2/checkpoint_spar79.58.pth,79.58056900364593,70.55,46.6505328125,5.568618237626609,1.8982541932388137,1.9492399857137896,1.9616142674037005,1.8825875049409688,2.0364328118683552,2.015504861768663,2.7846773727503686,1.8703375539175207,1.9666929155775763,1.992525237959863,1.9703279640394313,1.9757083707909058,2.623168174934212,2.0463998028179162,2.068107042882643,2.177338185184548,2.293946399284646,2.5720219255242847
smooth_rewind,/project/nr_haml2025/endomet/irwl1-adaptation/models/smooth_rewind/2/checkpoint_spar85.12.pth,85.11557886557887,69.33,33.3290421875,5.856432914385821,2.3048614333929,2.2382589860680593,2.1332082279964673,1.8935039910381637,2.2000594935853526,1.9442788687962913,3.2402502766248844,2.2191446235178516,2.1555273970126096,2.321836508618931,2.118062095134954,1.8919813052028487,2.6373491131213735,2.017719058276686,2.1600371865746437,2.204628980200421,2.16551048682911,2.442796897363231
smooth_rewind,/project/nr_haml2025/endomet/irwl1-adaptation/models/smooth_rewind/2/checkpoint_spar89.14.pth,89.14328193174347,69.04,47.5602828125,5.008955828264935,2.1225548027683607,2.6676924571199767,2.054066283943843,2.1222509161219887,2.1114317713285886,2.648219771432111,2.81351316955586,2.2163853696770905,2.0899827994251474,2.1488699708971324,2.1167304213230653,2.022196669898095,2.7451599715547563,2.063097524027622,2.041434403542762,2.1583421656965283,2.1424099023464978,2.412506484446207
smooth_rewind,/project/nr_haml2025/endomet/irwl1-adaptation/models/smooth_rewind/2/checkpoint_spar92.09.pth,92.08542525850218,69.21,50.30406953125,20.363970174259205,2.3260647404566237,2.530590442221792,2.501828730765673,2.4578709073423277,2.1915564511604226,3.0432500919606,3.455371998542614,2.2677652687892653,2.0850292767380068,2.2344665417188865,2.906669512586814,2.206803682204546,2.8609878466398935,2.1515139751306642,2.1992378068979987,2.1664628060898026,2.2524096659951716,2.404135093884092
smooth_rewind,/project/nr_haml2025/endomet/irwl1-adaptation/models/smooth_rewind/3/checkpoint_spar0.00.pth,0.0,73.13,34.110413671875,6.659375971123836,1.6989941254482854,2.085007594815388,1.879389494316382,1.793504337600314,2.1804980337069284,1.730935896764007,2.655718332801133,1.9443129996628297,2.0215740256829724,2.0985250425450337,2.034727206529361,1.9903973348831694,2.9101934139922667,2.3372734244124214,2.762890378249896,2.8003874497794032,2.9277462441267885,3.478134287168642
smooth_rewind,/project/nr_haml2025/endomet/irwl1-adaptation/models/smooth_rewind/3/checkpoint_spar26.98.pth,26.982846213615446,75.21,31.471159765625,6.917635073297953,1.7302943694888802,1.9460456750040154,1.8488353681021945,1.920813026564598,2.132842167381899,1.7226834628046634,3.048634372112747,1.9376721439011149,2.048834575075195,2.135856622255674,2.028381982856797,1.894021055658523,2.8746354177635167,2.234623762205124,2.386228207793278,2.6008982173786785,2.5882754872363654,3.172320418115599
smooth_rewind,/project/nr_haml2025/endomet/irwl1-adaptation/models/smooth_rewind/3/checkpoint_spar46.85.pth,46.845675691829534,74.46,37.4773890625,5.265367767768298,1.856211987901143,1.921603440656281,1.7909180474589883,1.9759710983977237,2.0741912922608625,1.9300963762930237,2.784134215229887,1.9927373888497695,2.0374550308518677,1.9676741710291108,1.9955351782142057,1.9258164910153788,2.7848160832958526,2.241352824796108,2.1357000749119206,2.476207242503205,2.373038226216361,3.098209796022882
smooth_rewind,/project/nr_haml2025/endomet/irwl1-adaptation/models/smooth_rewind/3/checkpoint_spar61.27.pth,61.27323531169685,73.06,29.882073046875,6.859593484373177,1.968539944280094,1.7344079576528182,1.8354845354999345,1.8221498146576527,2.1195452956027387,1.816166559811749,2.431751395698095,1.9640108353857206,2.010948136383975,1.9445124041187998,1.9532333600709486,1.994384656849068,2.986896524406204,2.126781477481863,2.1375251504956276,2.2305500056463896,2.187623427724477,2.7267929416343515
smooth_rewind,/project/nr_haml2025/endomet/irwl1-adaptation/models/smooth_rewind/3/checkpoint_spar71.75.pth,71.75415396569242,71.34,55.87626640625,5.63453808368922,1.8483162842200014,1.9536004245067544,2.199094569992885,1.9741406317254282,2.1996343955728586,1.8785742571837536,2.4034678371315326,2.054707011396076,1.9734987601477465,1.9673059632062186,1.8568674983088793,2.0921374122398393,2.7225079460046295,2.0901501960648745,2.0552309879822226,2.1781975423065476,2.1553580122418015,2.795951980874287
smooth_rewind,/project/nr_haml2025/endomet/irwl1-adaptation/models/smooth_rewind/3/checkpoint_spar79.42.pth,79.41657701273085,67.08,37.54827421875,4.6123050332670505,1.985108683398508,1.7874075069272182,2.3024348091626776,2.2914199834412528,2.06862187028146,2.2319612580367965,2.859431101667233,2.0923580761485048,2.133778849818995,2.0287002402094125,1.9645050357901552,1.9711401011420182,2.992761985749125,2.078988521585399,2.054595951589029,2.1044567444628663,2.166129944111779,2.3681783538197436
smooth_rewind,/project/nr_haml2025/endomet/irwl1-adaptation/models/smooth_rewind/3/checkpoint_spar84.92.pth,84.923196461658,69.14,41.87334921875,7.376642959594094,2.013778379270642,2.1005431116070366,2.5322400921720853,2.365165810696467,2.3011933819357235,1.9688970305003561,2.7974950930845117,2.0765597039239636,2.12452139128543,1.9755035730411825,1.9949373086453355,2.0246808614571394,2.833663540548625,2.0267402493394773,2.0679879625588238,2.081788538688969,2.144793547961645,2.4678916960707875
smooth_rewind,/project/nr_haml2025/endomet/irwl1-adaptation/models/smooth_rewind/3/checkpoint_spar89.07.pth,89.06782320243859,67.47,54.25338203125,10.043321838946946,2.1177266140046416,2.300843476390471,2.763429606908577,2.57025249703575,2.412490405347377,2.3426780242935097,2.88838823193073,1.9835222783188748,2.258914240005295,2.260361964306473,2.060981215149274,2.068510174086254,2.8520170541137086,2.0228001356458054,2.1348045594997362,2.0285097914748156,2.181625624873667,2.444443327180909
smooth_rewind,/project/nr_haml2025/endomet/irwl1-adaptation/models/smooth_rewind/3/checkpoint_spar92.03.pth,92.02939154862231,67.04,47.5681921875,18.50390621883048,2.206510577061392,2.4218248551730057,2.2445853002673344,2.46009710757202,2.9451745160654967,1.883769323066602,3.281028503227841,2.1709769959744087,2.3380862466671166,2.1708536059100325,2.1361432696684703,1.9900312755798062,2.8970012783268673,2.042695563445665,2.21080478819794,2.0389073656985963,2.2753992322948617,2.5365216590285864
smooth_rewind,/project/nr_haml2025/endomet/irwl1-adaptation/models/smooth_rewind/4/checkpoint_spar0.00.pth,0.0,75.16,35.52915859375,4.213424046402994,1.8929118113106687,1.8363351088590123,1.858223626030487,1.7943899746541483,1.92196635931441,1.8063340388085052,2.675818812740709,1.9851344631820311,2.0390849727596505,2.0680141494096937,2.0993334356313182,1.942396834784829,3.2103198495348986,2.4582765646198013,2.8411504775776484,3.2716612915261316,2.974618310263812,4.041415960168465
smooth_rewind,/project/nr_haml2025/endomet/irwl1-adaptation/models/smooth_rewind/4/checkpoint_spar27.35.pth,27.350427350427353,74.46,36.7024515625,7.323957465187203,1.961971982506412,1.939018827162129,1.800831845366876,1.8794830268429588,2.0063121767441605,1.769200841301523,2.6278263511321622,1.8974135890195716,1.980121150442141,1.9289085226123108,2.04705376762698,2.0400959331301096,2.836590564904589,2.263434040865351,2.433102549354659,2.7870012779839244,2.6371441032957383,3.628038459040094
smooth_rewind,/project/nr_haml2025/endomet/irwl1-adaptation/models/smooth_rewind/4/checkpoint_spar47.14.pth,47.14414858645628,74.43,34.55731328125,6.132766951737078,1.8676553588373734,1.8467140998426075,1.9552833061348713,1.888748709959517,1.9750753110533619,1.8165850627089137,2.8412728707748642,1.971017221208235,1.9652235579336936,1.9610558739801744,2.0370377606229115,1.9322840255809317,2.867567808182196,2.1782638142016792,2.2167037777641094,2.3945509793888267,2.2665296720826347,2.9574600882094613
smooth_rewind,/project/nr_haml2025/endomet/irwl1-adaptation/models/smooth_rewind/4/checkpoint_spar61.52.pth,61.52090430936584,74.27,42.70226328125,4.936697091593645,1.9071309681194186,2.1863481581565134,1.8706131464794842,1.964469118796423,2.09288640191109,2.005141525021609,2.745885493252084,1.957483099841461,1.9997521088467518,2.00475580478422,1.9765047858152243,1.8904120793495818,2.7143466437075343,2.1429894452353095,2.296354681067174,2.2446251236743127,2.1386482241709284,2.8976971138117316
smooth_rewind,/project/nr_haml2025/endomet/irwl1-adaptation/models/smooth_rewind/4/checkpoint_spar71.90.pth,71.90357719203872,72.16,58.14075625,11.720491351970145,1.9699842403108596,2.0991077736442785,2.124284847325264,1.8721015137927053,2.1647383278632666,1.9746770511399796,2.5829158083651356,2.0367640482562246,1.8822001176531478,1.9580224284427767,2.1009418790684546,1.9670342660289297,2.892337650047867,2.0328877867869157,2.0942680960623243,2.190511440555257,2.1908193304427583,2.8498907126277144
smooth_rewind,/project/nr_haml2025/endomet/irwl1-adaptation/models/smooth_rewind/4/checkpoint_spar79.56.pth,79.55778196162811,68.54,40.6663234375,55.85337708570859,2.1041552257491527,2.1026748227888152,1.9121293608767551,2.047562992434984,2.0389558696705996,2.033708490106773,2.8020517157796814,2.078878833835718,1.981765632598926,2.0193555575710884,2.053458982873057,1.974226350099934,2.879329842879424,1.9749808072461585,2.11534746705311,2.1188596505213217,2.1842363652799155,2.466241868938488
smooth_rewind,/project/nr_haml2025/endomet/irwl1-adaptation/models/smooth_rewind/4/checkpoint_spar85.15.pth,85.1533082302313,68.75,45.75319453125,6.362926582023467,1.990182902718761,2.2061477285945768,1.970603487464369,2.154667418753469,2.05179263482812,2.30458432511478,2.628506222322449,2.3762591432406763,2.012752534910815,2.052995329338798,2.09915661522382,2.0508120662507974,2.758435969987421,2.0542695924529744,2.0626386394971927,2.0232541910145305,2.2731927690288414,2.412724500694987
smooth_rewind,/project/nr_haml2025/endomet/irwl1-adaptation/models/smooth_rewind/4/checkpoint_spar89.23.pth,89.22658538043153,68.19,53.05969296875,6.440658329285693,1.9669376647537504,2.2345626783897887,2.4443922381202072,2.0635361339025273,2.0580708243205446,2.2646534932900466,3.193680574908154,2.233710800880803,2.0964189426620443,2.117223046297701,2.111494714202268,2.0762259724378436,2.758074111527683,2.062803014685784,2.1229018976114054,2.1600258900029905,2.1677387161305304,2.2990921996130638
smooth_rewind,/project/nr_haml2025/endomet/irwl1-adaptation/models/smooth_rewind/4/checkpoint_spar92.13.pth,92.13286713286713,66.61,50.63025859375,399.7899397482299,1.9547823894685679,2.5604681227638983,2.8462133388573414,2.0728943032208105,2.5823819377363577,2.461313145946074,3.1393898542993988,2.2121847000842596,2.4555479806980385,2.2889010781621817,2.1132503860770355,2.421054601297617,2.784068928500086,2.251915982380418,2.1397477536256218,2.084626551509063,2.248162530079215,2.482330200587143
smooth_rewind,/project/nr_haml2025/endomet/irwl1-adaptation/models/smooth_rewind/5/checkpoint_spar0.00.pth,0.0,70.12,28.56698359375,4.5641032556107,1.7854921937717332,1.8846041502606872,1.8289398211824661,1.8316204815346584,1.7718447549710492,1.8814257850398712,2.304295632781051,1.9147240708748687,1.959127111806839,1.9993145702211288,2.007497907419121,1.8772434865235978,2.978566728966786,2.4441537704773895,2.7198170484588124,2.7815065198688655,2.5999835345683087,3.7171788944115485
smooth_rewind,/project/nr_haml2025/endomet/irwl1-adaptation/models/smooth_rewind/5/checkpoint_spar27.21.pth,27.21146374992529,75.01,31.5620140625,5.423417842764491,1.8525843824505825,1.9915955990306473,1.805961327610286,1.9742637651193256,1.9030938796184473,2.2351901982068645,2.3651060319828887,1.9246532551372222,2.0378933890801143,2.021833880635333,1.9816574601051355,1.997365911428471,3.025118414639396,2.316274214409962,2.4406133499967333,2.637990918147778,2.3988235704694416,3.4755232778893093
smooth_rewind,/project/nr_haml2025/endomet/irwl1-adaptation/models/smooth_rewind/5/checkpoint_spar47.10.pth,47.102683641145184,73.48,26.796512109375,5.910023590442713,1.7940872425855519,2.0995574038847074,1.8823293616582297,2.0874454262001993,1.952044459990246,2.398049085452887,2.3350041417653746,1.910550926021827,2.0046731888461333,1.9227128127880795,1.8775385318261968,1.9067714994420282,2.7850465925672006,2.231706083763368,2.3003000853766626,2.3549979574651236,2.2945204297995136,2.8632675698563643
smooth_rewind,/project/nr_haml2025/endomet/irwl1-adaptation/models/smooth_rewind/5/checkpoint_spar61.48.pth,61.48354850277927,74.09,46.188609375,5.672353832652621,1.8290913128146626,1.9946181273114154,1.9288333450220423,2.1417405247703876,2.2189056605927693,1.9083771034139339,2.607689229734868,1.9128648516323834,1.99996416631513,1.87592483808118,2.0222372283998626,1.9054790887152049,2.7269153839054625,2.091502021357588,2.12114135880877,2.238367708127682,2.2389211735701187,2.8899377505813146
smooth_rewind,/project/nr_haml2025/endomet/irwl1-adaptation/models/smooth_rewind/5/checkpoint_spar71.91.pth,71.9050714243022,72.99,42.862621875,5.513786342158059,1.8743683473404296,2.029601156734483,1.8551659432309928,2.4173460918189593,1.9776688873898673,1.8459630132867246,2.836536644587897,2.0560223750105573,2.0739353340584255,1.9740925884175073,1.9629193236805629,2.02158656454284,2.790629655188088,2.0660574302566315,2.037076993271472,2.26879297313836,2.1506169259176353,2.737821942933259
smooth_rewind,/project/nr_haml2025/endomet/irwl1-adaptation/models/smooth_rewind/5/checkpoint_spar79.54.pth,79.53686270993964,68.76,49.26298828125,9.961070576054455,2.597481520993675,2.053195050856952,1.8586532830632587,2.76707656261345,2.099235658555839,1.9292874668888789,3.0894075120546596,1.9326389592762174,2.0478438337923968,2.0467249045288622,2.042310876813293,2.036149508907221,2.68663780616679,1.9800981575323775,2.027233638574741,2.108912312436958,2.208534472704912,2.69461890867778
smooth_rewind,/project/nr_haml2025/endomet/irwl1-adaptation/models/smooth_rewind/5/checkpoint_spar85.18.pth,85.17908373677604,68.44,39.35859375,10.569546445574412,2.4051482508942565,1.9964678269747567,2.184795189910759,2.878442859480746,2.2000308140826115,2.0591237709702743,2.8923403181190626,2.024932790934543,2.3981161181374997,1.9776351675345254,2.0268906192272222,2.069624213198388,2.7497722053696183,2.051596377861294,2.022213905091088,2.0686170214429365,2.0975627097560436,2.532413893046902
smooth_rewind,/project/nr_haml2025/endomet/irwl1-adaptation/models/smooth_rewind/5/checkpoint_spar89.24.pth,89.24040702886856,70.32,70.3932890625,10.7619077181301,2.5754716143587313,2.441730682680272,2.5755669318942007,2.494134010231017,2.7994329659745225,2.217012089772178,3.724883106117239,2.0078848731623955,2.1050103712538695,2.1565567050730596,2.1446476872107865,2.0400595273764055,2.8884871528007556,2.0750290451178106,2.017457539132184,2.0198966984154043,2.280817137983239,2.4030029307408585
smooth_rewind,/project/nr_haml2025/endomet/irwl1-adaptation/models/smooth_rewind/5/checkpoint_spar92.19.pth,92.1900215169446,65.35,46.9282171875,14.180177174021953,2.588639319744379,2.4821687410927304,3.042286310536372,2.768674336359545,2.9605382888696625,2.1855341907952917,3.3759241200593153,2.2048912196987174,2.1386023251365502,2.4649677615790955,2.211830844813181,1.9764525122743815,3.1672372170234437,2.181384198263119,2.073526118819695,2.118095827954879,2.1195075625141397,2.1732927493371714
smooth_no_rewind,/project/nr_haml2025/endomet/irwl1-adaptation/models/smooth_no_rewind/1/checkpoint_spar0.00.pth,0.0,74.72,45.02671171875,4.727995969364849,1.8146701445077802,1.873135609820479,1.9567559479987076,1.7899160645953711,1.8654207880987512,1.7916787255031152,2.4941093947601516,1.9402727452599058,2.0355060357616503,1.9996827121979388,2.0169802975895874,2.002224958885389,3.0513775296975214,2.4256350701699283,2.7087658987992946,3.2771616594418758,3.0456520873138944,4.176865109374944
smooth_no_rewind,/project/nr_haml2025/endomet/irwl1-adaptation/models/smooth_no_rewind/1/checkpoint_spar27.17.pth,27.173360827206984,72.39,40.0510359375,36.38252816192334,3.06793604674428,2.506727712028693,3.9353326147709744,2.9209080738225026,3.745247016522461,2.6198322494200115,3.919020084874428,2.561383227788363,2.958310911869257,2.1797870709872096,2.9210886951553965,2.3759594062443457,3.287453698305996,2.1971595994364903,2.3405061244437726,2.254454510024926,2.3142959304201938,2.251793266960845
smooth_no_rewind,/project/nr_haml2025/endomet/irwl1-adaptation/models/smooth_no_rewind/1/checkpoint_spar47.08.pth,47.078402366863905,74.48,54.97028671875,130.96964444480943,8.784484869659616,5.290490103195778,9.635727697481036,7.463593561868832,10.734670069978018,7.286830517444124,10.526844208799467,4.8888709857275625,9.351885017586808,4.897552241838851,7.818672913063413,3.1212875481154905,8.417559681247338,4.24559633205738,6.850753399221262,4.513951216577756,6.9455191045679525,3.696218638525815
smooth_no_rewind,/project/nr_haml2025/endomet/irwl1-adaptation/models/smooth_no_rewind/1/checkpoint_spar61.40.pth,61.39912437989361,70.78,41.3425375,172.18313233296075,7.151647182827615,5.711787766908994,6.004618739299718,3.550083115431994,8.61031316921699,5.661635579548816,6.653245974408624,2.9824186375460875,5.507463286614417,3.439730602164007,5.201787612472788,3.9625058512062283,5.198949059185151,2.7859850975063885,4.218260515983234,3.2060744861615245,3.8268961499847407,2.7727292376583264
smooth_no_rewind,/project/nr_haml2025/endomet/irwl1-adaptation/models/smooth_no_rewind/1/checkpoint_spar71.91.pth,71.90544498236807,72.39,44.45444296875,460.2355728864136,10.67262851615055,6.08885112518334,6.505232528523275,5.031902606810269,10.043449829420979,12.127774103751095,8.30947561089367,3.2749404005384175,8.345137574903148,4.722532144992394,8.879559806278735,4.763177348906161,8.317971410311321,3.745911237487936,6.424208088955635,3.852133294386486,5.387945013686418,4.092480526298485
smooth_no_rewind,/project/nr_haml2025/endomet/irwl1-adaptation/models/smooth_no_rewind/1/checkpoint_spar79.53.pth,79.53013866475405,69.89,38.23897265625,291.0833964466657,8.653213427812926,8.365414108419895,10.452106166128559,8.658692843024216,9.339983996428566,8.13461775319626,8.001048015549497,3.734844742709144,6.260915594508735,5.98362744298097,6.952903868376855,4.432821721056149,6.328090555635478,3.2931704857247315,5.268026015738121,3.655076302984995,4.736712243172321,3.7923884171019284
smooth_no_rewind,/project/nr_haml2025/endomet/irwl1-adaptation/models/smooth_no_rewind/1/checkpoint_spar85.08.pth,85.07784950092643,67.64,32.5290578125,179.60758693758282,5.800571507547918,5.417282228134778,6.23821612047803,4.207183082330183,12.493362824562519,8.703587186294444,5.1610679473106815,2.341453193198336,5.19120190627204,3.0781519822763603,4.387641129158489,4.921742758815154,4.983767392922164,2.782789024184637,3.900561613398751,3.4314142339054885,3.577378467563928,3.274416946850622
smooth_no_rewind,/project/nr_haml2025/endomet/irwl1-adaptation/models/smooth_no_rewind/1/checkpoint_spar89.12.pth,89.11601219293527,66.33,31.733548046875,288.2328078815717,4.16825399046906,3.0101359964632675,3.496560590639889,4.130582057023814,7.368666955050941,4.942718391641757,4.488587918295887,3.065674776784176,4.207322441490722,3.272583708797073,3.822632726021262,3.026460411655956,3.4495345276539586,2.5188688689026075,2.701430140888503,2.9504960003736262,3.1631800648143322,3.0268299307457984
smooth_no_rewind,/project/nr_haml2025/endomet/irwl1-adaptation/models/smooth_no_rewind/1/checkpoint_spar92.05.pth,92.04993724224494,72.17,48.4498359375,17388.128562439982,73.9237591561218,69.97507610232898,41.24490430734321,72.6455365463669,59.95016471148923,41.25300493076375,77.96205317247369,18.96030047352732,79.02179229498405,3.7858893635142277,41.9129840747344,3.9291935900533868,51.60243435863846,6.027753839189893,36.351111326222366,4.20292552145453,35.39033068415106,4.209091820212268
smooth_no_rewind,/project/nr_haml2025/endomet/irwl1-adaptation/models/smooth_no_rewind/2/checkpoint_spar0.00.pth,0.0,74.45,39.95076015625,4.118757447537229,1.8591774573228654,1.887705216932442,1.593265604462005,1.8737335066464806,1.6932436620408642,1.9006310382022424,2.690095735479539,2.034578612780408,2.1042598394392487,2.036127378169738,2.103871701849091,2.075497232173578,2.9633018664703212,2.4437802144175196,2.5622510520826256,3.1400432358877057,2.8182510160194987,3.8181599505919035
smooth_no_rewind,/project/nr_haml2025/endomet/irwl1-adaptation/models/smooth_no_rewind/2/checkpoint_spar27.16.pth,27.155430040045424,73.1,47.24295390625,42.2628238062531,4.073369312540837,3.0236119421121255,3.8080907150763914,3.1255173886317764,3.5297547695366815,2.8090313186181324,3.9381923420142524,2.6010999216287303,3.1224267666289296,2.829165020081389,3.428491073831802,2.682883018548961,3.761565585765955,2.258079159810995,3.0258870488793588,2.6008187886327696,2.8262569398743977,2.3587703388611
smooth_no_rewind,/project/nr_haml2025/endomet/irwl1-adaptation/models/smooth_no_rewind/2/checkpoint_spar47.04.pth,47.04104656027733,74.54,62.15085,214.58024982766108,7.134396255128013,7.0825126358241235,7.866347508304546,7.107626675899157,11.693958681273463,7.317465350963185,9.366424797456393,3.642455875900275,7.427357616548554,4.16593010489174,7.286871904164223,5.2613036288104835,7.600651926825226,4.53073657316855,5.699645595077957,4.806811577746904,6.194620318293119,3.9503398210085616
smooth_no_rewind,/project/nr_haml2025/endomet/irwl1-adaptation/models/smooth_no_rewind/2/checkpoint_spar61.45.pth,61.45216962524655,70.31,37.4257015625,201.03133366003203,7.660027344521216,2.8357186969254395,3.746398999784388,2.699037633851585,4.686856946926194,2.4399936223963077,4.1052066981385495,2.38446509069998,3.5205663859226415,3.4530492160040165,3.609858153070439,2.764997862991764,3.5659506412257196,2.3470394834856556,2.5579703057977867,2.3246592495315634,2.7616244785865014,2.392183997282902
smooth_no_rewind,/project/nr_haml2025/endomet/irwl1-adaptation/models/smooth_no_rewind/2/checkpoint_spar71.98.pth,71.9823979439364,69.18,39.38254375,6582.123760519999,3.5647787741337984,4.4821244304307735,4.267556607661621,4.345345509875508,4.722055260521119,2.6286202963893452,7.684160575142968,2.8205688917732425,4.668923705180359,4.143026469381467,4.964439480276092,3.0132296543426422,4.881844363585433,2.9997345477706396,3.7625318688988627,2.731490658464602,3.526340557838549,2.6969734164805517
smooth_no_rewind,/project/nr_haml2025/endomet/irwl1-adaptation/models/smooth_no_rewind/2/checkpoint_spar79.56.pth,79.56039686808919,68.95,44.8285375,498.3454790769695,6.673713453623973,3.7791147977752657,9.821406270740463,6.473481454619526,9.843854007506021,5.778611825770196,9.34315560679624,3.177330356384491,7.433055516147609,4.644049001127125,8.687383622003681,6.192227214298328,6.655631126563251,3.5817763619095113,4.238462387008681,4.213135504550164,4.949212277282091,3.575841367828739
smooth_no_rewind,/project/nr_haml2025/endomet/irwl1-adaptation/models/smooth_no_rewind/2/checkpoint_spar85.12.pth,85.11894088817165,71.17,59.89923203125,3492.1377216634437,25.297841866253677,25.816386162435034,44.057643023497796,21.864127106908395,39.64358084187997,26.52256766729438,37.797099320421715,16.197388845555317,28.132091597733872,3.803649470987142,28.23436377076886,4.218495190056058,26.04238514816275,5.075226835439869,20.12316636732455,3.7917259887940142,19.852053881641936,5.020591607708911
smooth_no_rewind,/project/nr_haml2025/endomet/irwl1-adaptation/models/smooth_no_rewind/2/checkpoint_spar89.21.pth,89.20865459326997,70.59,46.265040625,668.1098537284897,40.325504025319546,19.432016731305392,22.59584394909321,17.90478824362466,27.651047828487606,20.8171174496269,27.233449343918654,12.677991485722389,18.15656401077529,7.695106814905301,30.392351899896703,5.307137930326005,39.90835422362934,5.658400288830213,14.500159538534788,7.299694583981152,17.612111697196024,6.478200726959607
smooth_no_rewind,/project/nr_haml2025/endomet/irwl1-adaptation/models/smooth_no_rewind/2/checkpoint_spar92.10.pth,92.10298248759787,66.02,43.90179375,136.18722814421739,16.607277328057645,5.813172663120773,7.557698179669463,6.5643414876611565,8.645740821877997,4.15658050259092,9.088705665618305,6.782159209019435,7.2229172764870375,5.000873910202697,11.187617627627354,5.811885996693126,7.977399637769528,3.8625971625714404,4.9594474440421115,4.481300203266065,4.764564044246576,4.066242984435433
smooth_no_rewind,/project/nr_haml2025/endomet/irwl1-adaptation/models/smooth_no_rewind/3/checkpoint_spar0.00.pth,0.0,73.45,34.16462421875,6.45776346632278,1.6557120962159644,2.120979499938713,1.8424645248403255,1.7057969084944797,2.190738195260934,1.8032590642753479,2.510633083464882,2.0043225239889595,1.9421342749151314,2.120871413661087,1.9567775285686493,2.0250167891180144,2.9317058840875405,2.386823512364626,2.657000443037623,2.8028296775941337,2.9181739007711247,3.4063053444917575
smooth_no_rewind,/project/nr_haml2025/endomet/irwl1-adaptation/models/smooth_no_rewind/3/checkpoint_spar27.37.pth,27.367984579523043,75.13,62.99558125,43.23277306236897,6.7773017182634865,6.099377961077533,10.28832487678114,5.5288869321375635,6.817715920622206,4.615748996976974,8.146947316085173,3.485088961878578,6.5471267435928455,4.478133610595892,5.630230087405353,2.8906236318326877,7.5385469740465885,4.090113517831284,5.235413297026711,4.06937380994771,5.6251160988110955,3.7275282661452387
smooth_no_rewind,/project/nr_haml2025/endomet/irwl1-adaptation/models/smooth_no_rewind/3/checkpoint_spar47.12.pth,47.11538461538461,74.62,42.13916875,78.10959921980216,6.756555899810923,4.230014455393405,5.6005976083470035,3.44552462293097,4.811390112252943,2.7548762608559514,5.769517206139484,2.9338924819075203,4.682006452541869,3.2243889185364747,3.8233961675742703,2.8182648945272044,4.439443410226747,2.6188430320304956,3.340106746038079,2.7840706828080246,3.2094937129953944,2.693396520613436
smooth_no_rewind,/project/nr_haml2025/endomet/irwl1-adaptation/models/smooth_no_rewind/3/checkpoint_spar61.42.pth,61.418922957384495,73.77,51.15349921875,351.2842697396418,6.678889314350097,5.160540058857465,7.239610117334301,6.0162040869099735,9.055935646368923,6.697644505847305,6.001595294824125,3.5440577508892352,5.850729686745584,3.816094699993665,6.21340114529535,3.9687235279254147,5.598537712794802,3.3147898164173184,4.96975103606717,3.538957416678792,4.880316393975512,3.0168348781850156
smooth_no_rewind,/project/nr_haml2025/endomet/irwl1-adaptation/models/smooth_no_rewind/3/checkpoint_spar71.82.pth,71.81653816269201,73.63,61.16568359375,2068.45954467075,9.037622054840545,8.78905979329263,19.56168067366745,14.601735453283851,9.45962946202179,7.560591784718659,12.8788301460412,4.179710338235131,9.853304482730866,7.516085279169704,8.738156949338574,6.538116476936017,8.591604309687677,4.419885599074345,6.769692399718645,5.024239128222797,7.002229456132504,4.45507644765833
smooth_no_rewind,/project/nr_haml2025/endomet/irwl1-adaptation/models/smooth_no_rewind/3/checkpoint_spar79.55.pth,79.55143147450839,71.24,52.6309421875,253.43064884486557,6.023326190891904,7.6662088196486575,26.842006522298973,12.24608888108918,7.111193557683707,11.843292813257023,9.316343070585098,5.484609917097907,10.242236278253683,4.647000578816139,9.892850032579103,4.397925496223036,7.417294325611818,3.729249302910105,6.125868434168949,4.900443405561783,6.958760686010306,4.409967960932422
smooth_no_rewind,/project/nr_haml2025/endomet/irwl1-adaptation/models/smooth_no_rewind/3/checkpoint_spar85.12.pth,85.11819377203993,71.3,56.14700234375,3148.578729947958,7.9478936528886726,4.372991720109788,35.36958867555533,18.39437678738224,7.360174745727138,9.03084286856697,8.896908747708078,4.482687258309698,9.028122359341587,4.375077691727054,7.026746877562885,5.113275959380659,8.102262045464446,3.6479487190643103,6.052746435736791,3.8669807857590133,5.640789804713677,3.902322683034932
smooth_no_rewind,/project/nr_haml2025/endomet/irwl1-adaptation/models/smooth_no_rewind/3/checkpoint_spar89.20.pth,89.19707429322814,72.69,74.0738875,1931.2170607668982,69.20574117232081,44.21318243030543,132.17591103608558,42.609409987962295,48.82893014261571,7.249291406813466,69.05985222692463,6.897489071705142,50.14499253923697,6.756281904859222,32.01543176024155,3.1241312444845475,48.1890269137918,6.869798638242969,31.65415988719277,5.2374069604225,29.41759551671372,6.935525051140985
smooth_no_rewind,/project/nr_haml2025/endomet/irwl1-adaptation/models/smooth_no_rewind/3/checkpoint_spar92.20.pth,92.19749267826191,69.89,52.1386703125,11033.402753621758,8.24547119722997,10.92943570191725,28.175065009134567,21.148143272805164,10.681000123812696,12.72996592843289,21.982688551909355,4.614953008872866,10.564904393887309,9.900530462151746,8.283135326335023,4.661764940418905,10.906478757138688,4.386478721108796,7.237857345595335,5.756283679200936,6.991352091652485,5.027642306519293
smooth_no_rewind,/project/nr_haml2025/endomet/irwl1-adaptation/models/smooth_no_rewind/4/checkpoint_spar0.00.pth,0.0,72.87,24.69615078125,4.471682379943629,1.9240410724190027,1.9920157194125807,1.8593067706650193,1.9385539730459693,1.8369021366561307,1.734383533439726,2.6934460287047117,1.9275685774402487,1.9192427604819895,1.991050809291863,2.022589584520088,1.9115098646556656,2.8287216143572893,2.453177879921412,2.40075028460719,2.733391761273372,2.5219507458428585,3.3078037169969607
smooth_no_rewind,/project/nr_haml2025/endomet/irwl1-adaptation/models/smooth_no_rewind/4/checkpoint_spar27.28.pth,27.284307572769112,73.18,48.38683984375,39.582320634213026,3.3485254957741355,2.945806486405304,2.5687908641762087,2.3796301173462906,2.7599888890960047,2.868943119335256,4.02476478661542,2.4441535501691103,2.8777845604753503,2.5946883833533456,3.27320157623027,2.412702190451234,3.2588949269555285,2.343783362170384,2.465276850220364,2.31658161426659,2.745599509715796,2.306208293062376
smooth_no_rewind,/project/nr_haml2025/endomet/irwl1-adaptation/models/smooth_no_rewind/4/checkpoint_spar47.09.pth,47.0914768991692,72.33,48.87547734375,65.12942664537033,5.264425591021588,3.3091833370045443,5.416482202037167,4.427303447117879,5.772283657755154,4.570636433326137,6.896955358143006,3.480525745473323,5.2464017172471555,3.519257351531135,5.119559078134306,3.942331580785451,4.861885180735663,2.883536944021373,3.7543502226542573,2.945108064070763,3.9085986618608533,2.8737551481708663
smooth_no_rewind,/project/nr_haml2025/endomet/irwl1-adaptation/models/smooth_no_rewind/4/checkpoint_spar61.53.pth,61.53435239973702,71.12,55.86238046875,101.44288733987288,7.073777089538165,4.799991346698144,4.400864886701679,3.7114659333715103,4.235293944809211,4.61643635988168,6.072095166536528,3.7481426229582158,5.735350342420121,3.6055421432959354,6.671476864769124,3.3538932895544096,5.5150068547687825,3.124296456993808,3.916343984864609,3.5284929829776437,4.583292542031522,2.853510909865487
smooth_no_rewind,/project/nr_haml2025/endomet/irwl1-adaptation/models/smooth_no_rewind/4/checkpoint_spar71.95.pth,71.95475464706233,69.65,46.17408828125,239.21872402163882,4.814943611830071,4.462816506927972,4.394591046285228,3.316247947828326,4.094646848811045,7.589314334192791,6.111566409362902,3.419050953862542,6.033019652805003,3.373183345841844,6.443418946560484,3.789593979969023,4.870787701222742,2.933974660045285,4.018868590590426,3.025860208146797,3.9503220167026663,3.080883023559665
smooth_no_rewind,/project/nr_haml2025/endomet/irwl1-adaptation/models/smooth_no_rewind/4/checkpoint_spar79.51.pth,79.5066045066045,74.15,59.125703125,215.09635434872087,18.012205509215757,19.387506120112562,11.476214233730214,8.877737394182809,14.774406652251582,15.440925351468284,16.848281026253073,6.7396916823853505,19.499500326383114,3.6317867353487867,15.029550717574962,3.2688063628280988,13.699203014845995,5.937544696066746,10.047606121861484,6.85471635354598,10.08593501169332,6.8503480776859975
smooth_no_rewind,/project/nr_haml2025/endomet/irwl1-adaptation/models/smooth_no_rewind/4/checkpoint_spar85.12.pth,85.12043512043512,74.34,60.2403890625,641.3719491254813,26.71583538638659,23.455528852023285,25.12148396209196,22.430020916202412,23.15436009057531,25.13716401651904,23.043488899715197,4.04484566806766,29.4471920128291,3.5444896230798153,29.580150107286915,10.311808844049045,23.87469304665219,5.732274050462659,17.928618839153312,4.539450690269561,18.47909145633098,5.757855857378727
smooth_no_rewind,/project/nr_haml2025/endomet/irwl1-adaptation/models/smooth_no_rewind/4/checkpoint_spar89.15.pth,89.14739107046799,71.45,56.8168328125,679.4207756099519,30.763878601114353,12.00451655417909,29.01197522627244,13.90379337879929,22.145160301313012,38.70941488325355,29.61179565080569,11.925994350769757,15.655493737559762,7.581830402695186,16.49865945522379,4.653013931974087,13.212602311946515,4.983870604205066,11.738540971384841,4.502680505913826,13.788576977484436,6.200643810144249
smooth_no_rewind,/project/nr_haml2025/endomet/irwl1-adaptation/models/smooth_no_rewind/4/checkpoint_spar92.12.pth,92.12315462315462,66.62,38.57478984375,1681.802469329625,23.847874436816554,8.119136884371175,26.47970488794733,8.23184623040236,12.483963660962377,18.135298709621164,10.174689097330512,4.067802650343922,7.029037605994553,6.279284169970856,10.194130166684467,7.748842613090068,7.183240410607537,3.6443471788658086,5.725844081563884,4.381770694704674,6.3964592326835685,4.19563676434574
smooth_no_rewind,/project/nr_haml2025/endomet/irwl1-adaptation/models/smooth_no_rewind/5/checkpoint_spar0.00.pth,0.0,73.16,48.3924921875,4.465516279571682,1.8112606635370203,1.9456254985964925,1.9341723741058223,1.7807306623495915,1.834615516806167,1.8721608522550377,2.5409231436582322,2.0229351381011367,2.0490981738295897,2.015173393064062,1.8480151402906337,2.0407457495548478,3.0954611458148693,2.410149823152212,2.553325003379236,3.140645637410618,3.0482194665930398,4.784354064104569
smooth_no_rewind,/project/nr_haml2025/endomet/irwl1-adaptation/models/smooth_no_rewind/5/checkpoint_spar27.23.pth,27.22902097902098,68.43,29.16971796875,39.98569075471776,2.905912216394003,2.2330174434160526,3.007196355913737,1.7836472700438133,2.8532306369700837,2.1254477911091043,2.7362453047872073,2.017106737371428,2.024656131751498,2.1711334006337375,2.2309362926770784,2.0224271923118815,2.676679135144158,1.978380655140032,2.016031073663316,2.0035671320162542,2.054807089262673,1.9428155467636046
smooth_no_rewind,/project/nr_haml2025/endomet/irwl1-adaptation/models/smooth_no_rewind/5/checkpoint_spar47.15.pth,47.148257725180805,74.71,57.49649140625,141.2189339177167,10.20321080984569,10.64997468192492,12.651968238181325,9.229508348919936,14.684299616462365,9.507719307332724,16.216326698770978,3.7576876664035397,10.702837811781796,5.851465249622887,11.585648328353026,6.4077534607524065,10.10558946242664,5.691674621706791,8.026827555384516,4.625969182746903,8.303092169578449,4.530644409676955
smooth_no_rewind,/project/nr_haml2025/endomet/irwl1-adaptation/models/smooth_no_rewind/5/checkpoint_spar61.58.pth,61.5836620644313,72.11,42.6896640625,112.08731184203293,7.7021077444322055,5.45401024063869,8.05769726447007,7.079943314208343,8.733892029324968,5.2125614620392104,8.843248035341317,4.106778556706074,7.159614409791671,4.246417248897571,7.052193077135926,3.163166665051123,6.42492783934956,3.4484757538922954,5.098043294985108,3.84749461366411,5.073983017324611,3.214009019992767
smooth_no_rewind,/project/nr_haml2025/endomet/irwl1-adaptation/models/smooth_no_rewind/5/checkpoint_spar72.02.pth,72.02461000537924,75.19,63.50940703125,214.95289108767918,13.699308467089237,11.241715620556631,15.45259906931685,12.998582054826299,13.39602511838561,11.136465296218695,17.156571928037728,4.615652151038692,15.061206961237042,8.54676293021828,12.845935358526825,4.844709626789832,14.276583450635364,5.807334078403922,10.622564595467122,5.5796692485599015,10.959442973968754,6.329179763319058
smooth_no_rewind,/project/nr_haml2025/endomet/irwl1-adaptation/models/smooth_no_rewind/5/checkpoint_spar79.56.pth,79.55666128743052,73.99,56.554265625,1145.674013026718,36.78309965824456,13.30551861070317,17.6054183205554,17.310326399202356,32.138024848784696,17.974829968447583,46.540245653072986,3.7412905510154935,21.507112235197045,3.709067342588222,17.30764985433846,3.2849040172620083,20.944023708917296,5.34957726439714,15.535171742220905,4.80607979870775,16.759735604589252,5.635181841448954
smooth_no_rewind,/project/nr_haml2025/endomet/irwl1-adaptation/models/smooth_no_rewind/5/checkpoint_spar85.14.pth,85.13911302372841,73.8,60.4960734375,503.0267279195143,26.091312478021855,24.52430769551074,116.53359342184984,29.38343107010244,67.6535454289478,11.769373716293353,43.021228062260654,4.45738537903885,27.437660956859105,3.611287167616233,27.315251577761956,3.436486381610115,30.84028507537341,3.636044120569442,19.833470860287814,4.658675203407999,24.98493054079117,6.725178147892811
smooth_no_rewind,/project/nr_haml2025/endomet/irwl1-adaptation/models/smooth_no_rewind/5/checkpoint_spar89.10.pth,89.09509294124679,74.72,58.67153828125,3103.2177530479757,63.86934058683087,45.40709334261155,76.30777993769507,46.941940097099405,101.2263996493285,30.03129872201459,49.429375748291086,3.5631028559919558,68.15074624976599,3.7211888339949137,40.60188906231412,3.635483303818272,58.91464866883875,3.3166632119294275,41.59382802840541,3.652866370553153,35.32357487707384,7.340105738651326
smooth_no_rewind,/project/nr_haml2025/endomet/irwl1-adaptation/models/smooth_no_rewind/5/checkpoint_spar92.01.pth,92.0099665291973,61.88,26.4282765625,2708.7486589716586,3.8087495755659266,2.8008586531683948,8.883694514164107,14.478633389849355,2.845945054835261,3.8890736163027224,8.396388306909005,2.537504772238632,2.792370015804999,3.3755812914360397,3.5689216544193916,2.5800694509842965,4.586067126947982,2.9581965478959606,2.47335902570443,2.5422011809147764,2.421619199453228,2.6800885703360513
static_rewind,/project/nr_haml2025/endomet/irwl1-adaptation/models/static_rewind/1/checkpoint_spar0.00.pth,0.0,74.59,52.6262109375,4.431153546175933,1.8746401141914033,1.9209851582046604,1.9060703503226621,1.8961166132503597,1.9280621197154697,1.958328612274692,2.753687585710244,2.024476304893779,2.016476608451862,2.034751385372163,2.007463852803182,2.042001623979547,2.99375921555112,2.415460253622749,2.5813382248143046,3.299199418416618,3.238473861868379,5.045065291660248
static_rewind,/project/nr_haml2025/endomet/irwl1-adaptation/models/static_rewind/1/checkpoint_spar27.25.pth,27.2473253242484,74.14,29.225668359375,5.505953275268445,1.8562308384805226,1.8321222900261802,2.0494431873916907,1.854480065188032,1.819794044361181,1.8896716923800325,2.711983831485813,2.020785582753023,1.9290083522042973,2.037047586886157,1.9506528234751135,2.019908574751554,2.7821947480755624,2.2912735877610615,2.34033738461169,2.6302872235173904,2.507290034313355,3.2035805907413346
static_rewind,/project/nr_haml2025/endomet/irwl1-adaptation/models/static_rewind/1/checkpoint_spar47.21.pth,47.21437750283904,75.41,42.50398671875,5.496012128686876,1.8298820673369343,1.8813463836661004,2.22466147749722,1.8126887054568936,2.11648841879797,1.7795436549780108,2.4855035771554577,1.9683104855493052,1.9168059755149787,1.9830833651074793,1.9123341464814354,1.9640676821514829,2.8908161453250494,2.1591492848052667,2.1879877832541035,2.4615011352495486,2.379966938745601,3.475264594465917
static_rewind,/project/nr_haml2025/endomet/irwl1-adaptation/models/static_rewind/1/checkpoint_spar61.67.pth,61.6654712808559,71.53,31.48230078125,7.908960060546947,1.816452541564491,1.8974575188621905,1.9332649960517527,1.9180784948106513,1.921814014352877,1.9780220345612278,2.660569578201797,1.9502942087891497,2.000071366790537,2.159335947368406,2.0975601654642926,1.9768996744655452,2.8508988773059496,2.139122746887073,2.1184623744686757,2.2882532678372955,2.337943237453246,2.7777512725183895
static_rewind,/project/nr_haml2025/endomet/irwl1-adaptation/models/static_rewind/1/checkpoint_spar72.19.pth,72.18822843822844,71.66,33.31473046875,8.602059716338065,1.9547074618259923,1.869889207054071,2.022867938714021,1.9756172660615585,1.9190283338720986,1.9998829412305457,2.6892577746080932,1.9295412423700065,2.0128199197653376,1.9668433848865436,1.85242142140141,2.0052037971229892,2.933558419467602,2.0830974281718504,2.0522929971645034,2.2293872556916705,2.1860350484371396,2.532108400872259
static_rewind,/project/nr_haml2025/endomet/irwl1-adaptation/models/static_rewind/1/checkpoint_spar79.72.pth,79.72252106867491,71.89,43.14550234375,6.5010136066071995,1.917744774714668,2.0302662008543044,2.1520529651803457,1.9070872851735188,1.8411027756473761,2.037018821739274,2.933127780437827,2.0036419768406137,2.051301968344525,1.9334379072246237,1.9446171721387435,2.163777310159921,2.73758644439437,1.9924907853942,2.025260797663777,2.186606641872737,2.116783465059369,2.522243218563111
static_rewind,/project/nr_haml2025/endomet/irwl1-adaptation/models/static_rewind/1/checkpoint_spar85.26.pth,85.25790448867372,69.67,50.75560078125,52.242289453221005,2.14321928153116,1.9419364758414133,2.4978606154527574,1.9878834476159761,2.013435761667409,1.9794431361360667,3.0970913593957943,2.1728326505802946,2.1414705125620497,2.0497560275113655,2.0643174472747194,2.025609292107791,2.7394966168690753,2.0793135835176226,2.080383889332279,2.1379818084922357,2.0860263996897355,2.467740725499952
static_rewind,/project/nr_haml2025/endomet/irwl1-adaptation/models/static_rewind/1/checkpoint_spar89.25.pth,89.2519873289104,67.67,58.674075,66.54708714730504,2.1158426008831106,2.38061892645974,2.396824158160581,2.427467017020216,2.2680904443963747,2.145716275075329,3.1003502100881972,2.240786473903024,2.4387300010161796,2.2103361824554666,1.9236332891256118,2.0132603787128183,2.8896954375758357,2.1470137770057174,2.028991010732339,2.0633590329822526,2.0894678342330586,2.3696318170542825
static_rewind,/project/nr_haml2025/endomet/irwl1-adaptation/models/static_rewind/1/checkpoint_spar92.22.pth,92.22214751060905,65.89,62.8650234375,36.70785820587481,3.156481102571726,2.270204925626344,2.4135296005180344,2.627431037781621,2.5619251839364234,2.8037040711107095,3.5127831977873294,2.207493950481462,2.4605444244196555,2.304036321627467,2.236464076661159,2.348606936572475,3.20757014321065,2.1061861965930695,2.081144785065544,2.0974037866849042,2.1488453553818845,2.168284431128114
static_rewind,/project/nr_haml2025/endomet/irwl1-adaptation/models/static_rewind/2/checkpoint_spar0.00.pth,0.0,73.13,38.418384375,4.1215869779061425,1.8498738986084575,1.995672406868225,1.685730857485946,2.0119485140243625,1.7575495214007555,1.791002867393973,2.6590306513275292,2.099472995090406,1.9796261162500488,2.042832503579652,2.0760409356913763,2.0292987006884182,3.028268282937334,2.5086970112679476,2.618277025526339,3.052469936612621,2.9049861864178843,3.9325875165517905
static_rewind,/project/nr_haml2025/endomet/irwl1-adaptation/models/static_rewind/2/checkpoint_spar27.29.pth,27.292899408284022,74.2,39.92261796875,5.144530559100256,1.9897190625024843,1.8608852796297413,1.904626846320772,1.972958083686046,1.7321369036874008,1.8278739642560577,2.465962331945077,1.9981160299192207,1.938533102003922,2.035723226837676,2.0339141136508636,2.0096144313761886,3.0210049771323084,2.312826531128025,2.4484272639533504,2.8367707887310867,2.7685415039473256,3.9653218425637355
static_rewind,/project/nr_haml2025/endomet/irwl1-adaptation/models/static_rewind/2/checkpoint_spar47.11.pth,47.109034128264895,74.76,36.007272265625,5.512340079296502,1.835150872484914,1.7972330207878846,1.8478440349044578,1.9070048531303982,1.7063221028223787,1.9479486221190754,2.414195088269937,2.070845693397719,2.066286890996551,1.9428833459605772,1.9577670378618117,1.988519442836829,2.77205473658685,2.1360778380603582,2.2108130571253333,2.4965054911585165,2.3489117315291788,3.090756061634188
static_rewind,/project/nr_haml2025/endomet/irwl1-adaptation/models/static_rewind/2/checkpoint_spar61.64.pth,61.63521307752077,73.85,35.763837109375,7.64618611803119,2.0044470048411713,1.9704615024274144,1.9737823483946928,1.930694996122121,1.7728001993800526,1.9479533350006775,2.6364793163472404,1.9871345849837474,1.9635002652518976,1.992571490841191,2.0149729921766397,1.9698833558450357,2.8189467319514496,2.185339862443239,2.117103299674862,2.305526835838325,2.2515002946546345,2.844703082659715
static_rewind,/project/nr_haml2025/endomet/irwl1-adaptation/models/static_rewind/2/checkpoint_spar72.16.pth,72.1635736058813,72.96,55.445896875,6.229294768204593,1.9023414367757583,2.182869025514842,1.9157207543584893,2.0328948820362505,1.8541400793431517,1.982034244098909,2.610080504840493,1.97415676983926,2.0163697956763587,2.0164946003641187,1.919890263713559,1.9842243918846583,2.69159649628407,2.0183877463606374,2.0731041370998358,2.109438036165294,2.17802149353014,2.9869065313086955
static_rewind,/project/nr_haml2025/endomet/irwl1-adaptation/models/static_rewind/2/checkpoint_spar79.71.pth,79.71392923316,70.23,34.88333984375,19.816285838241093,2.060256258002903,2.2701638273250255,1.9939640267746594,2.0947077053145504,1.9862757131224742,2.223732283728112,2.814900719872511,2.133492273281822,2.150464991875189,2.051696629359298,2.0226675146776762,1.8738289367604128,2.8241821991408202,2.0992564217742227,2.060025905991516,2.122826269483777,2.1205431864085127,2.4038892030234913
static_rewind,/project/nr_haml2025/endomet/irwl1-adaptation/models/static_rewind/2/checkpoint_spar85.22.pth,85.21868089175781,67.84,38.515690625,38.85646895245688,2.333622963292951,2.926295686045349,1.9914271449741037,2.064428592629874,2.070892116995159,2.07866277549293,3.1398840828236203,2.172185462032472,2.1644073719914685,2.114390770018522,2.040716922898661,2.049882821809802,2.7799117747449142,2.0446078632109868,1.9811793744456014,2.1633972236958567,2.184287893706904,2.4291938556820383
static_rewind,/project/nr_haml2025/endomet/irwl1-adaptation/models/static_rewind/2/checkpoint_spar89.26.pth,89.26020560635945,67.37,58.37742265625,37.735619141628604,2.466436293541717,2.7041931921615423,2.265728756072757,1.9663917014585206,2.2971090256000912,2.125749523658895,3.087049254829246,2.126604531186971,2.2560325299797968,2.064841637485214,2.1587280349927513,2.1119130084429583,2.8660881374209572,2.1083740244339944,2.029073538494283,2.0306130882757976,2.078933492920657,2.3777661155743286
static_rewind,/project/nr_haml2025/endomet/irwl1-adaptation/models/static_rewind/2/checkpoint_spar92.23.pth,92.23073934612395,65.91,46.7834171875,18.829525588132956,2.8737934923994457,3.7639509045100574,2.3276539125247115,2.3720179947441093,2.9812699287862103,2.575151414349983,3.9908025190221124,2.129649254105513,2.1556445997377853,2.287495875093083,2.1406973573292345,2.367989823011509,2.8839679924855797,2.102057206353777,2.0742239461636554,2.1211570273002023,2.3186683395278815,2.3952042121218
static_rewind,/project/nr_haml2025/endomet/irwl1-adaptation/models/static_rewind/3/checkpoint_spar0.00.pth,0.0,72.65,34.771669921875,6.476995633037672,1.7580830124700995,2.0453659598371563,1.8988519040789769,1.7730437922026183,2.118126816247653,1.7968231459392774,2.5021029393899106,1.9503662322511441,2.0060371424129575,2.0731191092897077,2.101896868174508,1.9647275983697936,2.8992814891357024,2.3444443534460433,2.721083791166429,2.8438838800848094,2.7948850649445824,3.3985849682766083
static_rewind,/project/nr_haml2025/endomet/irwl1-adaptation/models/static_rewind/3/checkpoint_spar27.31.pth,27.31307154384077,74.57,43.15346640625,5.866600871446812,1.8556814533678945,1.9441027174668883,1.8453202696966013,1.8289418199347252,1.9073749851386805,1.855246436392527,2.3388015284776476,1.9880680925851215,2.1225609990319376,2.0502015560147284,1.999286518184813,1.9714914165305655,2.7427496167005665,2.2504415766274684,2.449094308988044,2.6765599388014087,2.6596615653956484,3.4844454381378633
static_rewind,/project/nr_haml2025/endomet/irwl1-adaptation/models/static_rewind/3/checkpoint_spar47.13.pth,47.13294184448031,74.94,42.0331734375,4.346283809031158,1.9080667762069554,1.865528678895968,1.9072542224908864,1.8494286707088612,1.949844749784219,1.9133651512747134,2.5147402321906815,1.957436201026793,1.9808557857581601,1.9661960020439626,1.9834803137713104,2.023990040589832,2.89631572071166,2.141512579076897,2.299819698420743,2.556225575695151,2.3701965158105147,3.077577566421756
static_rewind,/project/nr_haml2025/endomet/irwl1-adaptation/models/static_rewind/3/checkpoint_spar61.59.pth,61.59188034188035,73.23,38.90632421875,4.965469560656325,1.8461480956024785,2.0454733597089194,1.9051233493820583,1.8911554566493616,2.1241145210563257,1.8935001459154783,2.972149817523552,2.0089713030434826,1.9024625925247707,1.9224962607639007,2.303429010008143,2.057370948186533,2.6895872221806045,2.0927835910600843,2.1638162776028924,2.3458733311207824,2.221127264210071,2.8200632681698212
static_rewind,/project/nr_haml2025/endomet/irwl1-adaptation/models/static_rewind/3/checkpoint_spar72.01.pth,72.01265614727154,70.57,44.87249140625,5.414692357862051,1.9654350231771456,2.0380721385631806,1.8305220264756759,1.8880796925700185,2.11999877314226,1.9509535156129236,2.692208523774733,1.9503510633913537,1.8344623781215954,2.0966233056850614,2.0427305861142386,1.9353195090594901,2.7171368337102586,2.0417160901744764,2.1147891872632827,2.2044536902162886,2.2178884711321305,2.7377837052354463
static_rewind,/project/nr_haml2025/endomet/irwl1-adaptation/models/static_rewind/3/checkpoint_spar79.68.pth,79.68404458789074,71.0,48.779984375,6.274322399393683,1.9422806793198477,2.1014586136985507,1.8962029923103951,2.1332648075944993,2.0791787553298455,1.8974156881558852,2.865536110974336,1.9446358443022524,1.966990983401474,2.0797178106764362,2.0551691030151638,2.0414230071516157,2.726462962882481,1.9485825338650145,2.142249013491436,2.1411682174733,2.089982801109445,2.4831833329865
static_rewind,/project/nr_haml2025/endomet/irwl1-adaptation/models/static_rewind/3/checkpoint_spar85.22.pth,85.21756021756022,68.36,50.19320703125,35.95362913902254,2.1988950880123346,2.329824822453108,2.2916095213459124,2.2671543023411673,1.9769136902174367,1.8482708419355758,2.7754761794180496,2.1207445226387063,2.080522977208088,2.3245553373702728,2.1729318386545358,1.9526904428017744,2.873269737948266,2.0685382400330106,2.1227150608558945,2.152877251156001,2.1381863404666026,2.3883260187470925
static_rewind,/project/nr_haml2025/endomet/irwl1-adaptation/models/static_rewind/3/checkpoint_spar89.26.pth,89.26207339668878,68.13,52.704775,36.937723357841776,1.995713933594846,2.054477846323324,2.433748784801151,2.34969083957075,2.1336911654582877,2.2681308431297778,2.8024235209868977,2.396612014794782,2.191217381634294,2.089912252757688,2.073898044368082,1.9799020898036532,2.7917462369399373,2.0558165285925525,2.016880178971121,2.090791495427885,2.116589264862028,2.626127107573785
static_rewind,/project/nr_haml2025/endomet/irwl1-adaptation/models/static_rewind/3/checkpoint_spar92.14.pth,92.13959117805271,67.04,50.3854296875,14.60456908655812,2.2390956246620632,3.1022254652401573,3.2371307277076458,2.613714033431347,2.080478757972838,2.7217867712506196,3.403511171215097,2.125326194907081,2.6254353027454287,2.1767441468188578,2.2889311411916218,2.2429484713441625,2.944851158424314,2.116741057094579,2.235843194252022,2.0908264635728333,2.0838549033522122,2.393698241006917
static_rewind,/project/nr_haml2025/endomet/irwl1-adaptation/models/static_rewind/4/checkpoint_spar0.00.pth,0.0,76.07,35.787827734375,4.190331956457535,1.9853541459395105,1.9785818529563577,1.8647562560472162,1.8859256185592361,2.0104843702919433,1.8893475459857119,2.7243509858514168,1.9174419542617824,2.104865806202899,2.098633877559083,2.0591695595207544,1.9764531596342039,2.92585367661028,2.5066275774315505,2.623788399153345,3.1617317679328907,3.0183064031782605,4.108887386724136
static_rewind,/project/nr_haml2025/endomet/irwl1-adaptation/models/static_rewind/4/checkpoint_spar27.28.pth,27.275715737254195,75.37,38.22303046875,4.842691685315943,2.1653936404041714,2.081720211888816,1.8425115530377836,1.88593612121179,1.9196988138726783,2.0670146834305845,2.6363530964464714,1.9144521434944395,2.110532983657786,1.9111512806885933,2.0613446917681717,1.9366081687427275,2.7398077982108604,2.376004607332993,2.3844504093703094,2.703331769931839,2.706374104743048,3.808780316764676
static_rewind,/project/nr_haml2025/endomet/irwl1-adaptation/models/static_rewind/4/checkpoint_spar47.21.pth,47.20578566732413,74.83,41.563315625,4.095093838795763,2.0220025873870173,2.1369701754769057,1.8946944558925916,2.004172453040434,1.777408951366299,1.8426088990259006,2.7114441670336227,1.9632991779501083,2.000825670423617,1.8951408759497825,1.9716176677599815,2.093872371676202,2.6957112442411937,2.1856363143430193,2.261915589398635,2.439200993718594,2.395809992238653,3.373455327352733
static_rewind,/project/nr_haml2025/endomet/irwl1-adaptation/models/static_rewind/4/checkpoint_spar61.55.pth,61.55116251270098,73.16,43.98985859375,5.686981106150689,1.9289190073111167,2.16077556257607,1.821475059388153,1.9048264818165963,1.9239981092460798,1.9880298001797692,2.581268428945443,1.9449916975518977,1.858291646821966,1.934149672185654,1.9105749648094135,1.8803132801638296,2.6871973880858664,2.122642614998879,2.091642397122683,2.2662509230788785,2.2132002041345733,3.041420388458602
static_rewind,/project/nr_haml2025/endomet/irwl1-adaptation/models/static_rewind/4/checkpoint_spar72.05.pth,72.0511326280557,70.82,36.36736796875,8.658750522763356,2.12914621452242,1.955982780168464,1.9856314661248555,2.121624359454573,2.0710911559923195,1.9475857771033536,2.5917484154983077,1.9683734975674594,1.893101459485864,2.0437081327263806,1.9742626765861937,1.9517218199704625,2.7851716358486867,2.0695619406813615,2.096277627252852,2.1871602845386935,2.201897103585009,2.5735684696556462
static_rewind,/project/nr_haml2025/endomet/irwl1-adaptation/models/static_rewind/4/checkpoint_spar79.67.pth,79.67358496204649,70.69,41.63434921875,8.45847190639432,2.0835622833847425,1.9540046623537248,2.1204012045124663,2.184422797840373,2.362553765855121,2.127437713788467,2.510969148955538,2.0483734011908568,2.193874689555123,1.962967913797473,2.000670298442847,1.9799247711626515,2.844995794035556,2.034645398347338,2.012584340962059,2.0867307767577836,2.222334118910262,2.4874001784228272
static_rewind,/project/nr_haml2025/endomet/irwl1-adaptation/models/static_rewind/4/checkpoint_spar85.26.pth,85.25790448867372,68.21,54.84660546875,13.121531957356675,2.291267494083924,2.24397309207899,1.9576097252697338,2.3312875135103304,1.9938654722439664,1.9799589596430682,2.8602723817667473,1.9573655075912522,2.0700605957711367,2.1048456587795354,2.0670485878479954,2.081401194009105,2.891810692789335,2.046527162421867,1.9919511855119583,2.078201667264865,2.174903993643214,2.4133935845856485
static_rewind,/project/nr_haml2025/endomet/irwl1-adaptation/models/static_rewind/4/checkpoint_spar89.27.pth,89.26917099994023,67.94,71.27040078125,11.149452561629747,2.0516318630937014,2.2154514032998427,2.2293426082089782,2.576102680449202,2.1570902383218735,1.9164153172664433,2.8312958578571594,2.0603313035944613,2.2887202151881594,2.2585356528388454,2.12409927991066,2.281839201260345,3.4328959400366035,2.092268767268238,2.0503388408985472,2.1459316482369886,2.2468023941573314,2.366235765708013
static_rewind,/project/nr_haml2025/endomet/irwl1-adaptation/models/static_rewind/4/checkpoint_spar92.23.pth,92.23410136871676,66.88,46.1528796875,15.378611151697744,2.108850216753286,2.7706504488519856,2.1707836160181646,3.1544902773697148,2.4982482542191784,2.246606879900557,2.898149787375036,2.4141527288501434,2.2766644098331708,2.2273205743474804,2.392021428702098,2.050796947436297,2.9718062087508295,2.0371452460114354,2.1530345299914324,2.152370597694868,2.243770416690318,2.2724101109797834
static_rewind,/project/nr_haml2025/endomet/irwl1-adaptation/models/static_rewind/5/checkpoint_spar0.00.pth,0.0,72.66,43.0024515625,4.3906659207031895,1.8297213122435305,1.9000882352644135,1.8841876234853283,1.7532113322472167,1.794105165279266,1.885656442665276,2.3838516541617705,1.8918359353384813,2.1337465306900967,1.993101286088581,1.9438513619936895,1.9722595951252195,2.839081335010001,2.458913540832087,2.6066917308652693,3.16743275258637,2.9296374130992193,4.689981872461422
static_rewind,/project/nr_haml2025/endomet/irwl1-adaptation/models/static_rewind/5/checkpoint_spar27.14.pth,27.144223298069452,74.35,30.03558984375,4.606160288845652,1.793778331007995,1.9952319790885589,1.8393075091395281,1.822280259938222,1.852212944970355,1.886411420611017,2.5098967778916625,1.8985258768570377,1.9906734132512987,1.9643093885127647,1.9567187458492878,2.047300429307725,2.8654762262419946,2.295934565621563,2.3729089805673595,2.474324044836676,2.4284878743249667,3.3157415296055497
static_rewind,/project/nr_haml2025/endomet/irwl1-adaptation/models/static_rewind/5/checkpoint_spar47.06.pth,47.061592253899946,71.23,27.645788671875,6.9042510592198925,1.9102102398663052,1.8812148724337256,1.947199968685254,1.8055360219401568,1.8499618936452256,1.881973938708237,2.5159779504928745,1.9592910303797018,1.8446387880926747,2.025775823814252,1.8902988829695457,1.9070961000050126,2.953409208513753,2.263034825076227,2.286221417162003,2.402686383435695,2.287680245249101,2.9715413763140104
static_rewind,/project/nr_haml2025/endomet/irwl1-adaptation/models/static_rewind/5/checkpoint_spar61.38.pth,61.37895224433686,72.88,33.24599375,6.269340067233325,1.9145358454940595,2.0316814838030237,2.070672989777466,1.9718263881697424,1.920529579266657,1.9307369182299354,2.5770278102869977,1.9895760521710921,2.1926999428425504,1.9362123940403226,2.022683309331726,1.9627187274655205,2.688209529419841,2.0902680597432037,2.0840464149351647,2.213929573557224,2.178640730585122,2.8046329889466537
static_rewind,/project/nr_haml2025/endomet/irwl1-adaptation/models/static_rewind/5/checkpoint_spar71.96.pth,71.9562488793258,70.62,32.542232421875,6.542915890725869,1.8681299363847996,1.8595235925375873,2.096572614741584,1.8867020492097755,1.946327734554347,1.9497817108191615,2.599711891665506,2.0610056347970773,1.8881313818526368,2.0493512663956013,1.9581580554458826,1.9240389312502844,2.8798584861023246,2.1126933910295826,2.1489704739106186,2.2353360900260424,2.1419069393008634,2.6186560459594554
static_rewind,/project/nr_haml2025/endomet/irwl1-adaptation/models/static_rewind/5/checkpoint_spar79.69.pth,79.68628593628594,69.63,59.39875859375,8.75935103915723,1.911321962810639,2.0487510761849883,1.835262242314668,1.9252679620333297,2.213565162854592,1.8467150930704477,2.6350998977771933,1.9380281546909495,1.9418120897092424,2.0205231154945507,1.9388815015562875,1.969356880482295,2.6822558864081354,2.007018688354073,2.044821724310791,2.1609493105025606,2.1459983153045785,2.6005967419038183
static_rewind,/project/nr_haml2025/endomet/irwl1-adaptation/models/static_rewind/5/checkpoint_spar85.25.pth,85.25118044348814,68.51,60.30629296875,11.265102262562957,2.192676448470753,2.299691223175983,2.216821686711095,2.0069875978423752,2.4943789451175964,2.0755808279628876,2.9882565911950842,2.147449952449749,1.8985598470700245,2.116447546632565,2.049707138942476,2.1360066864079843,2.754056807630664,1.9659070679708683,2.0368624472626093,2.1460802294838843,2.118468288246397,2.539005746042404
static_rewind,/project/nr_haml2025/endomet/irwl1-adaptation/models/static_rewind/5/checkpoint_spar89.26.pth,89.26095272249118,64.99,43.05375703125,14.841827927751437,2.095297445000635,2.339992638928875,2.413109888009757,2.399648747038212,2.606377511144755,1.942311268929504,3.1379663352792018,2.091205362935029,2.000415869423219,2.1131810090030454,2.115941728866292,2.0160871085426275,2.9537068011832153,2.197908636168852,2.086127446665788,2.09873661764851,2.2883556066876034,2.3039611187092928
static_rewind,/project/nr_haml2025/endomet/irwl1-adaptation/models/static_rewind/5/checkpoint_spar92.22.pth,92.21504990735761,64.82,42.231234375,31.022072349712033,3.034882969687964,3.2405469264682223,2.540887732084306,2.550981970763308,2.627566570725978,2.145027830922712,3.7783342320708377,2.1559904829631127,2.1043196377919346,2.258603094371839,2.2245201275410778,2.111426703763269,3.0294715424379053,2.144965033453487,2.1924933063529077,2.2034856120955943,2.1460791907413768,2.5222913113970415
static_no_rewind,/project/nr_haml2025/endomet/irwl1-adaptation/models/static_no_rewind/1/checkpoint_spar0.00.pth,0.0,73.34,38.70188984375,4.836302791065728,1.8532829292888646,1.907358928676303,1.8883034003644563,1.884513040359491,1.8726072133084992,1.9556862831008215,2.701019522145543,1.990208171833388,1.9556494356229064,1.9383402181776677,1.9764766186445124,2.0597238219232636,2.8811217076084743,2.487846565481255,2.478791346979321,2.965100103877217,2.739707271613554,3.7154257372232657
static_no_rewind,/project/nr_haml2025/endomet/irwl1-adaptation/models/static_no_rewind/1/checkpoint_spar27.25.pth,27.25255513717052,68.96,32.526879296875,26.51016296192499,2.56773575089032,2.665573878436685,2.4949369121090745,2.130997408365938,2.328453810161327,2.4180770026616174,3.2695396093366345,2.2687091640699455,2.43192168470605,2.3134219230200195,2.5381723596457637,2.212283884558138,2.9606434275436095,2.0429037047833334,2.300207196404553,2.087410987132739,2.1366386817598517,2.037859289220645
static_no_rewind,/project/nr_haml2025/endomet/irwl1-adaptation/models/static_no_rewind/1/checkpoint_spar27.50.pth,27.49872990257606,76.36,62.00371328125,97.41034198254785,6.585432150690917,6.460328020882256,6.833562295746485,5.523913857448344,3.3305889716807733,3.2743432884655,9.687135847127454,4.997680015213015,5.343730044211501,3.8687643809098566,2.9829479717050384,5.073454215448265,6.409979167956299,3.6614291208223952,5.826428408222816,4.111748618894068,5.486783955186782,3.5803260375062007
static_no_rewind,/project/nr_haml2025/endomet/irwl1-adaptation/models/static_no_rewind/1/checkpoint_spar47.11.pth,47.107539896001434,73.07,52.20014921875,128.51928216270656,8.978734400080874,8.478062569907891,12.928380588580321,8.589119716681282,8.498572814278162,7.745621235333504,9.436138295363806,3.8912629537195005,8.660972765667847,3.5795137162139827,8.970156957480478,5.649017666452918,8.475476962080593,4.839041194520821,6.2356157744040415,4.433139279005447,6.488009988202335,4.017688252788302
static_no_rewind,/project/nr_haml2025/endomet/irwl1-adaptation/models/static_no_rewind/1/checkpoint_spar61.56.pth,61.56050146434762,75.32,59.0080359375,249.3654294604529,18.12521445573664,13.861256134398802,17.43113965766896,7.679981089638167,17.073911901068293,6.168550427136538,11.210192973531084,4.423857566194288,12.328404310005991,3.4651876905898207,11.195792446095474,4.850778394480923,11.778255640050181,5.556560879653724,9.020121527268103,4.87507355955286,8.603557154833787,5.186189951505682
static_no_rewind,/project/nr_haml2025/endomet/irwl1-adaptation/models/static_no_rewind/1/checkpoint_spar71.95.pth,71.95438108899648,73.07,51.72275234375,303.7383253870046,14.290272591173792,13.060263833201848,22.759142733633578,15.561388559760003,21.573067326502283,24.13800007272301,20.004510904211926,4.753504174593999,17.612544918659264,4.898913932866868,15.031720527363078,8.784902553935574,14.783147363747144,4.574375242485793,11.455878530753052,5.763650183371849,11.824269663725811,5.097581245321157
static_no_rewind,/project/nr_haml2025/endomet/irwl1-adaptation/models/static_no_rewind/1/checkpoint_spar79.64.pth,79.63847050385512,70.92,38.395634375,670.8654950777383,5.55780944758131,8.133875339404426,6.486672219052301,6.902641921863091,7.59413457752592,8.151012915236866,6.637430538175606,3.6497211297640146,6.864265728213014,4.3006963383595265,6.963623340356464,4.9607402511566425,7.0040099508318105,3.455992688393203,5.850321410342424,4.048127772468644,4.486402823941886,3.747829017701718
static_no_rewind,/project/nr_haml2025/endomet/irwl1-adaptation/models/static_no_rewind/1/checkpoint_spar85.21.pth,85.20597991751838,72.96,47.18537578125,265.51481051423866,16.6267960024214,20.57782462807776,21.046374552269913,19.289515534088444,16.746115781234245,28.126123092158043,18.884449958573363,4.931446210370385,17.139539407569245,4.611767400484247,18.704301740540934,3.5844937647300683,16.11752189468563,5.78412740283624,13.827661189483653,5.018858850995947,12.666777061401687,6.298472382975558
static_no_rewind,/project/nr_haml2025/endomet/irwl1-adaptation/models/static_no_rewind/1/checkpoint_spar89.19.pth,89.19072380610842,66.55,30.829294921875,391.44521408812227,5.152015245457877,4.991899019924374,5.236791251389127,4.605087867015279,4.2663619611298325,8.013415878771303,5.89807355203851,2.6890714992019986,5.386397817661755,3.6836235167975064,4.350797006031014,3.9962259700971803,4.4082518955757015,2.876146178656716,3.390066939212106,3.02558304849432,4.274996072343744,3.138218669555639
static_no_rewind,/project/nr_haml2025/endomet/irwl1-adaptation/models/static_no_rewind/1/checkpoint_spar92.16.pth,92.1593897555436,69.54,36.57489765625,5906.6630852926455,38.85187286333262,11.294863636345815,29.964537559181817,23.3092259511136,56.893745199990704,32.830025190817054,30.238316975524448,6.7135682356065765,12.575540381316229,7.605231948799004,15.336912610154249,3.7492231273479613,14.079095995863353,7.381347653213388,12.982919116251344,6.715474587975462,11.626362674991176,7.2632632279722396
static_no_rewind,/project/nr_haml2025/endomet/irwl1-adaptation/models/static_no_rewind/2/checkpoint_spar0.00.pth,0.0,75.29,38.0892875,4.384122035899219,1.9097470658814768,2.113588445421618,1.7658304047233961,2.029381851451805,1.7397841895430817,1.8281297415710311,2.6169119195242856,2.097206568711781,1.9550730419358682,2.0941624496476585,2.144110247931648,2.1207898660799054,2.9637202633599045,2.569347474547231,2.6175187643557383,3.114020635249685,2.9023167443386817,4.095822183242181
static_no_rewind,/project/nr_haml2025/endomet/irwl1-adaptation/models/static_no_rewind/2/checkpoint_spar27.33.pth,27.33287012133166,70.66,33.49207109375,31.47798868622547,2.476932530599136,2.3665430509166736,2.2868503114860936,2.573497129848483,3.8811268592767987,2.9244026740682716,3.4303812371644358,2.120436288119031,2.33694310607884,2.1415507143733623,2.668056154456747,2.2774831585440984,3.0906837665389624,1.977871229408876,2.269224801867239,2.170669455436834,2.271715031114303,2.1366059516861546
static_no_rewind,/project/nr_haml2025/endomet/irwl1-adaptation/models/static_no_rewind/2/checkpoint_spar47.05.pth,47.04739704739705,72.08,39.648296875,75.41646479886629,5.341389293021923,4.699140441082237,3.5238995653758356,3.582810278059972,5.727982447945261,4.820646813020535,7.32318799474299,3.4036530089869066,4.614225213834678,4.051863861883948,5.439976022985065,3.2377129631436135,4.675373143267457,2.8269735299484675,3.6449779828754956,3.2749286701455276,3.9054406491357754,2.8229941407540973
static_no_rewind,/project/nr_haml2025/endomet/irwl1-adaptation/models/static_no_rewind/2/checkpoint_spar61.52.pth,61.51679517064132,74.07,56.99933125,100.60762876882428,12.397996564066625,8.617706919853168,12.474575611446609,13.03775362753842,16.058508668619318,7.383998517796508,13.663585563586743,5.097693644700554,9.907372549857746,3.686276504436943,9.979731823404943,5.278064110630365,10.81017935795039,5.296697185163262,8.320164011630508,4.177431327474873,7.505323587896979,4.7472305138750945
static_no_rewind,/project/nr_haml2025/endomet/irwl1-adaptation/models/static_no_rewind/2/checkpoint_spar72.06.pth,72.06420716036101,74.14,48.302934375,202.10503703217842,15.344009412704331,8.35489666524192,15.449395158833008,19.881293827765507,10.920659676190832,13.415253259187367,21.737283235863632,4.378571765664886,13.824755565064638,4.515797313996701,14.565732410991606,4.9923630658081,12.944328247395898,3.757123535624198,9.848964003813396,6.537982259021282,10.351733643375209,5.8433903916543075
static_no_rewind,/project/nr_haml2025/endomet/irwl1-adaptation/models/static_no_rewind/2/checkpoint_spar79.71.pth,79.7128085589624,69.25,29.408132421875,440.3876245733201,8.129014398045173,5.48574941358992,5.766033630269547,7.442383278765173,8.715942595235312,4.478081788321975,10.53296365051912,2.872077667048328,4.3794137303450125,3.684136998752452,5.031078770627561,3.4439039895168193,4.437957145045785,2.648770063188294,3.9149336323686286,2.8728915805362987,3.5469028042959767,2.9378302601784534
static_no_rewind,/project/nr_haml2025/endomet/irwl1-adaptation/models/static_no_rewind/2/checkpoint_spar85.22.pth,85.22166935628475,72.33,39.699628125,647.1878641395773,22.565912067775354,9.761691808704404,19.387325227549788,23.618257975687687,24.61115644094423,5.61077172295421,20.774571562249264,9.483882674172284,13.572654679350688,4.036120541870445,18.45832160657599,4.595304916031495,14.287895625763255,6.508661201208538,10.785909233919224,5.373953389165398,8.736896021285139,6.697736676900821
static_no_rewind,/project/nr_haml2025/endomet/irwl1-adaptation/models/static_no_rewind/2/checkpoint_spar89.29.pth,89.28523399677246,64.95,26.88029140625,4510.259862825315,5.211757255822658,3.6285884728497324,6.534040472390329,11.846248953573244,7.805581595775097,2.936590910279545,6.441511995513439,4.443317638811402,4.970154878368828,3.904351474860643,5.105708778937254,3.680495531204511,5.316114684953455,2.6960696997428495,3.289439333577804,3.336868523396462,3.3470100422894498,3.1940233318872178
static_no_rewind,/project/nr_haml2025/endomet/irwl1-adaptation/models/static_no_rewind/2/checkpoint_spar92.21.pth,92.20832586217202,71.77,47.7402765625,10958.379065262658,87.18202662368557,22.963962535462937,67.63916192162964,60.010039086283676,77.87226508590894,22.32117483300203,69.53400695129464,5.115298342777208,70.00382656130611,3.7848446264708326,49.84183819876294,4.6446786856675475,50.78407750101375,3.3247043517586503,43.06461184963014,3.6869519159056443,44.31984703373148,4.254038702282124
static_no_rewind,/project/nr_haml2025/endomet/irwl1-adaptation/models/static_no_rewind/3/checkpoint_spar0.00.pth,0.0,73.93,30.318834375,6.599933330062224,1.6713967334569255,2.1395934963623717,1.8947820455455338,1.8367627071372288,2.187559972019077,1.7946943463618192,2.560605333006749,1.9646987973107037,1.9483091523673852,2.063628841317239,1.9129148317023639,1.916694592976709,2.9552964332124785,2.330091764802957,2.706855324153982,2.80047511038221,2.700596517013555,3.1926452712352615
static_no_rewind,/project/nr_haml2025/endomet/irwl1-adaptation/models/static_no_rewind/3/checkpoint_spar27.49.pth,27.4949943219174,76.48,62.106478125,35.766899565658186,3.553986620237039,3.0217327889051875,3.9103775231530236,6.778620098705279,9.012453449567564,2.8408854358133544,8.857236937790791,5.896061605573932,5.987505925106389,3.5331508116106805,4.855626570777748,6.169052968670965,6.792199855111539,4.142976249863768,5.928040983709071,4.487693618556497,5.512374041819494,4.065134563786438
static_no_rewind,/project/nr_haml2025/endomet/irwl1-adaptation/models/static_no_rewind/3/checkpoint_spar47.25.pth,47.24949196103042,73.9,44.92450703125,126.42750927411277,10.563604011754366,5.360548740866815,6.317792346158874,5.345600141943178,6.320917127836664,2.9370970699118124,9.18491400805261,3.7978584283160957,5.143553605327707,5.685349034840005,6.0245463819876335,4.286295125730218,6.121510688330869,3.642424671978301,5.240468243962375,3.6454768909120245,5.092822274948705,3.3523083693692537
static_no_rewind,/project/nr_haml2025/endomet/irwl1-adaptation/models/static_no_rewind/3/checkpoint_spar61.62.pth,61.62213854521546,74.64,55.00410703125,297.28863220393833,14.111167354047929,15.849724624573204,15.192030959256213,12.426324021825977,17.21170186187876,14.593948585618048,20.83299889869852,4.3376906670382365,14.728575252463804,2.964584379779086,14.258247461502226,4.531933811527777,15.24015403698357,6.39331659352591,12.467207187734324,5.590003844871568,11.896912978870914,6.7175586909834575
static_no_rewind,/project/nr_haml2025/endomet/irwl1-adaptation/models/static_no_rewind/3/checkpoint_spar72.07.pth,72.0686898571514,73.2,40.24064296875,150.33888283570008,7.898373695447273,11.20088092292116,8.404825432447453,7.233055005928753,8.746363048989515,6.622376983744303,13.087002369337425,5.254951342412412,8.654271879659822,4.7060756309650955,6.5673351431084415,5.720278397021392,7.934987950069602,4.750544073527814,6.201398028966981,4.196257527492962,5.8431314346010375,4.4795487213738046
static_no_rewind,/project/nr_haml2025/endomet/irwl1-adaptation/models/static_no_rewind/3/checkpoint_spar79.66.pth,79.66125754587293,67.83,34.3612671875,158.8488722482916,4.275382056028836,6.811139921577072,8.121494313661083,4.840942789893068,6.492803793573889,3.2073149664132568,7.5976861187567115,2.9117523243992203,5.5879824367518385,3.5419735207399143,4.991164658995034,3.1659214761747183,4.864792327848706,3.116960940403604,3.4311370368862963,3.1039935204054974,3.960000044493338,3.039487189709622
static_no_rewind,/project/nr_haml2025/endomet/irwl1-adaptation/models/static_no_rewind/3/checkpoint_spar85.12.pth,85.11856733010579,68.59,35.71735078125,547.7065924100447,9.030767533886037,8.196594718085704,6.013421573292396,5.4205661541759165,6.5992744492962885,3.619917332807624,7.814366412869307,3.139238705944056,6.044313827096974,4.519440856129828,5.785374718045655,5.708542504281924,5.0067305793506485,3.1753253678431026,4.216420078997026,4.186720074844817,3.941354083122242,3.4968766096507444
static_no_rewind,/project/nr_haml2025/endomet/irwl1-adaptation/models/static_no_rewind/3/checkpoint_spar89.15.pth,89.15037953499491,73.09,49.32429140625,5094.356663410639,34.34967074112231,51.13583375197227,61.39402633197813,75.43466227626965,40.767454470123496,29.357989295339475,73.11876223225211,5.2006439069101456,58.30985745288423,8.107005697658908,38.47522903557742,3.3718002727134726,46.34327061895033,4.262070129402978,29.556514340046128,10.357550949234307,27.75479832759554,5.322657392091622
static_no_rewind,/project/nr_haml2025/endomet/irwl1-adaptation/models/static_no_rewind/3/checkpoint_spar92.09.pth,92.08916083916084,67.03,32.3623203125,1239.1800268968095,8.191299908196957,12.218516820845547,13.398900655680691,5.4466509883815695,10.274273543785188,6.3451206380212515,14.78059685905254,3.6867514831065287,7.374211288482693,4.576013806529082,7.054344030082262,4.36127021879804,6.772933490756635,3.684114544583683,4.379905193248749,3.8656128100012714,6.054184795535357,4.245094483211712
static_no_rewind,/project/nr_haml2025/endomet/irwl1-adaptation/models/static_no_rewind/4/checkpoint_spar0.00.pth,0.0,73.81,35.130290234375,4.443567640279287,2.0016913573407855,1.8993005909657315,1.9545678358927423,1.8093597611757284,1.8393900855565586,1.834693391169415,2.4719565157642083,2.0302924505309328,1.989071263955664,2.103023805977073,1.999066927536219,2.0349149824511517,2.952303230376582,2.4113126744135163,2.555640816587534,3.269659212209536,2.9163728045241117,4.38062726837245
static_no_rewind,/project/nr_haml2025/endomet/irwl1-adaptation/models/static_no_rewind/4/checkpoint_spar27.44.pth,27.435598589444744,72.56,52.46512734375,55.22435619272964,5.510664321946671,4.3697190264870365,4.300647750833884,4.05588037334674,4.167840194454894,3.934471511321523,5.22589781451217,3.3150588047826695,4.467973714701899,3.392134100866289,4.106435087349509,3.1883790657178266,4.310403332024587,2.8358746552076624,3.792173341434601,3.0400905236650213,3.6012212265974153,2.9916446805303196
static_no_rewind,/project/nr_haml2025/endomet/irwl1-adaptation/models/static_no_rewind/4/checkpoint_spar47.22.pth,47.221848664156354,72.99,50.38915625,121.00087743377735,7.547685318326532,8.011532982661139,15.383070110864363,8.699432524781177,8.9209770065494,7.763952744292496,9.649625945670023,4.78205886608896,8.155626409395248,5.171326686335573,8.457010539027698,3.7933555246999697,8.64069977871236,3.2804595097540408,6.7449902696502395,4.679393275353605,6.591508479236101,4.1090235110581235
static_no_rewind,/project/nr_haml2025/endomet/irwl1-adaptation/models/static_no_rewind/4/checkpoint_spar61.68.pth,61.680040045424654,72.27,44.56441875,47.282753474894875,6.768204766220285,5.28268294523487,5.783978935416218,4.749363768166302,7.210557545611705,7.572277876857534,7.701750420423696,3.955258335296216,6.049447121273287,4.544417914824076,6.082388882632867,3.683964842190078,6.0526586436494165,3.4336568727604515,4.3358460818367695,3.240998539796978,4.570757200908563,3.3450529578417276
static_no_rewind,/project/nr_haml2025/endomet/irwl1-adaptation/models/static_no_rewind/4/checkpoint_spar72.13.pth,72.125470683163,73.35,52.8408296875,153.66589852681628,12.465567679111434,12.265151718783846,9.850764718650241,10.250731931586124,12.199928692387786,14.474787583140868,11.259408498233135,4.489159545708847,10.552547397476145,7.122605090772739,9.629326915610521,3.3368179764660684,8.007661513852659,4.356158807427153,6.810496369534683,4.574957696689828,7.2633753778289325,4.809258206023411
static_no_rewind,/project/nr_haml2025/endomet/irwl1-adaptation/models/static_no_rewind/4/checkpoint_spar79.72.pth,79.71878548801625,69.02,38.8668171875,97.81225789281736,4.952222537252307,3.88163708056957,5.508200954365763,4.861711408352225,5.484384448297663,5.073408735635561,5.846780302297435,2.845727447295147,3.962393550489724,2.9038208924877464,4.224761692585398,3.806206879730112,4.220197723101963,2.728332217600427,3.175759221478652,3.001907889658713,3.5053404714528154,2.6804439399186197
static_no_rewind,/project/nr_haml2025/endomet/irwl1-adaptation/models/static_no_rewind/4/checkpoint_spar85.24.pth,85.24221504990736,72.71,50.5480140625,217.7245986273374,17.563414012126795,12.300554106568624,18.807577745353345,22.966540792683247,10.293678710239485,18.945747546327873,24.35725953371423,4.300809166665982,18.315269037409177,5.5171888875958555,15.166091180774314,4.0439317581233265,17.541801481597115,5.149560269734191,12.512136891015995,6.210354700201651,13.262101433499682,5.216584695553823
static_no_rewind,/project/nr_haml2025/endomet/irwl1-adaptation/models/static_no_rewind/4/checkpoint_spar89.22.pth,89.22397047397047,66.67,36.631159375,556.3801034746634,3.266257105802692,3.323110971339319,5.132892672273937,3.7759443621136,3.6262055939718203,7.692027175271785,5.6290760084609435,4.140326928083175,4.281018354949464,3.2495941021799144,4.1939026237598265,3.2200983068182087,5.120648818413766,3.319600058701641,2.804641800952785,3.14855441932957,3.5019285255651487,2.5273673359878046
static_no_rewind,/project/nr_haml2025/endomet/irwl1-adaptation/models/static_no_rewind/4/checkpoint_spar92.13.pth,92.12950511027435,72.11,52.2621234375,18511.023334651596,87.75784901298566,42.70824879078973,79.20562240573572,67.37394604057727,94.8924500482312,27.132966910295035,112.4509483250929,3.8131984197016893,87.44272865731357,2.869479410215191,98.9618549727653,2.75403540456434,76.25607087536095,3.5242064956694232,42.756978001845674,3.0377368015427226,51.64655364406621,3.8890702021001786
static_no_rewind,/project/nr_haml2025/endomet/irwl1-adaptation/models/static_no_rewind/5/checkpoint_spar0.00.pth,0.0,71.99,36.66534296875,4.237964753702169,1.8846355027424977,1.8887488244061643,1.7684598312009325,1.7692184149128813,1.7477422548634334,1.8027891058360928,2.3850709160300516,1.8639346244540351,2.0705903939663974,1.9090155696732443,2.014421788156708,1.9634408439423445,2.9397984843337075,2.395410270661658,2.503933095683425,2.996856147740021,2.7632453718797283,4.034277135986308
static_no_rewind,/project/nr_haml2025/endomet/irwl1-adaptation/models/static_no_rewind/5/checkpoint_spar27.27.pth,27.271606598529672,70.44,47.58815078125,50.55674512973942,2.9159758036024144,2.5160169345738272,3.422867516174233,3.322740962096161,4.433598469075506,3.235112874720731,4.81650296702507,2.5873568271334513,3.080490397004376,2.709468795087998,2.9733104728456388,2.630408761347909,3.55960588895412,2.219087892262595,2.760663689716718,2.4335866089441556,2.4705266775274146,2.3975548881673254
static_no_rewind,/project/nr_haml2025/endomet/irwl1-adaptation/models/static_no_rewind/5/checkpoint_spar47.13.pth,47.128832705755784,73.59,52.5973109375,166.73166695833936,10.656043238806655,10.925335845603978,12.902808777806245,8.797113844325361,9.68346220395285,9.175850764637362,9.991942517712813,3.109432237687011,9.3641280920965,5.47222910076346,9.141575535088327,4.806665307187216,9.544893648265502,4.159869216151286,7.591468502729226,4.557612286991358,6.889414336374371,4.1046979166989175
static_no_rewind,/project/nr_haml2025/endomet/irwl1-adaptation/models/static_no_rewind/5/checkpoint_spar61.50.pth,61.49550236088698,68.76,31.240094921875,123.84998184542098,2.7435662339599163,2.4016009842730797,4.965107702606679,2.396162668743181,2.7425802467579934,3.063066493015661,4.2209714543010435,2.2757161198900584,3.112265121931151,2.3170571487625664,2.70007864981463,2.442063517389413,3.3430223734464315,2.125435625201858,2.3830444768827532,2.1736961611968257,2.3145794821776446,2.185994052300387
static_no_rewind,/project/nr_haml2025/endomet/irwl1-adaptation/models/static_no_rewind/5/checkpoint_spar72.06.pth,72.06009802163649,72.57,47.94901015625,233.90467222036222,12.641577652439578,8.056643253480772,11.161410826986781,10.031460893741604,11.360732498627655,10.184506371237058,10.507202027187722,6.4378284295088175,9.76757970182121,4.9674626079125135,10.900138092952403,7.383254446442015,8.368594252045614,4.458444432984374,6.376733771119914,5.060337571153914,7.19554927935668,3.8849909138107246
static_no_rewind,/project/nr_haml2025/endomet/irwl1-adaptation/models/static_no_rewind/5/checkpoint_spar79.61.pth,79.60597095212479,73.49,60.10197109375,313.42143447662136,21.045036925401106,15.2716140436384,20.94611197655355,11.935269144268144,16.197507224072176,6.84212925578119,17.72951381114156,4.303729176955303,17.62189109592624,5.874836639287524,13.595156010012,7.662905069092773,11.324845787372158,3.668137212603935,11.478554842055695,4.515226936817807,10.644545678823299,5.227845799472323
static_no_rewind,/project/nr_haml2025/endomet/irwl1-adaptation/models/static_no_rewind/5/checkpoint_spar85.12.pth,85.12454425915963,72.49,50.49268359375,2593.382982300839,22.007123566782784,26.82570003396126,55.76893358688658,22.128760841822942,22.68587059742313,17.652462984406277,27.906397540044555,3.5941645925694905,28.819388487934425,14.002094477286263,22.32406472095556,3.9565241990870543,20.915289197543462,4.497615370743293,15.297964734023621,10.377950137674668,14.464514639096715,7.342510424622352
static_no_rewind,/project/nr_haml2025/endomet/irwl1-adaptation/models/static_no_rewind/5/checkpoint_spar89.18.pth,89.18138485446178,72.11,46.6920578125,2865.8677036851964,17.823626387814414,26.567712395942788,20.232050765904788,26.83381781601255,28.20964238626288,32.68987199501075,36.563418842678296,9.07229360652157,25.13219396897071,6.876276233596869,17.448837319414775,4.096209767978296,19.039121080977036,11.166945098317612,13.440581046613834,5.711570469681953,15.948370208108328,9.995191082381378
static_no_rewind,/project/nr_haml2025/endomet/irwl1-adaptation/models/static_no_rewind/5/checkpoint_spar92.14.pth,92.13622915545993,68.22,39.3380234375,1226.7298433039332,8.028972993037936,16.239106838454152,25.516354306538442,9.958821705942638,14.599201098141226,7.0561684917709595,26.420184172494366,5.731090648501639,14.391907441384507,6.623968189328628,12.440140418835492,8.926703468809563,13.006110323916014,5.536528335032468,8.294853440013133,5.822289134155276,8.47857598019311,7.065500218208002
